folder,file,ind
ckad_01_ckad_2020-10-29-17-01-56_0,1603980116730044171,0
ckad_01_ckad_2020-10-29-17-01-56_0,1603980118739616171,1
ckad_01_ckad_2020-10-29-17-01-56_0,1603980120749071171,2
ckad_01_ckad_2020-10-29-17-01-56_0,1603980122758655171,3
ckad_01_ckad_2020-10-29-17-01-56_0,1603980124768230171,4
ckad_01_ckad_2020-10-29-17-01-56_0,1603980126777810171,5
ckad_01_ckad_2020-10-29-17-01-56_0,1603980128720266171,6
ckad_01_ckad_2020-10-29-17-01-56_0,1603980130729844171,7
ckad_01_ckad_2020-10-29-17-01-56_0,1603980132739421171,8
ckad_01_ckad_2020-10-29-17-01-56_0,1603980134749007171,9
ckad_01_ckad_2020-10-29-17-01-56_0,1603980136758582171,10
ckad_01_ckad_2020-10-29-17-01-56_0,1603980138768036171,11
ckad_01_ckad_2020-10-29-17-01-56_0,1603980140710613171,12
ckad_01_ckad_2020-10-29-17-01-56_0,1603980142720194171,13
ckad_01_ckad_2020-10-29-17-01-56_0,1603980144729770171,14
ckad_01_ckad_2020-10-29-17-01-56_0,1603980146739224171,15
ckad_01_ckad_2020-10-29-17-01-56_0,1603980148748804171,16
ckad_01_ckad_2020-10-29-17-01-56_0,1603980150758389171,17
ckad_01_ckad_2020-10-29-17-01-56_0,1603980152767963171,18
ckad_01_ckad_2020-10-29-17-01-56_0,1603980154777418171,19
ckad_01_ckad_2020-10-29-17-01-56_0,1603980156720000171,20
ckad_01_ckad_2020-10-29-17-01-56_0,1603980158729574171,21
ckad_01_ckad_2020-10-29-17-01-56_0,1603980160739154171,22
ckad_01_ckad_2020-10-29-17-01-56_0,1603980162748740171,23
ckad_01_ckad_2020-10-29-17-01-56_0,1603980164758200171,24
ckad_01_ckad_2020-10-29-17-01-56_0,1603980166767765171,25
ckad_01_ckad_2020-10-29-17-01-56_0,1603980168710345171,26
ckad_01_ckad_2020-10-29-17-01-56_0,1603980170719925171,27
ckad_01_ckad_2020-10-29-17-01-56_0,1603980172729503171,28
ckad_01_ckad_2020-10-29-17-01-56_0,1603980174738956171,29
ckad_01_ckad_2020-10-29-17-01-56_0,1603980176748544171,30
ckad_01_ckad_2020-10-29-17-01-56_0,1603980178758131171,31
ckad_01_ckad_2020-10-29-17-01-56_0,1603980180767694171,32
ckad_01_ckad_2020-10-29-17-01-56_0,1603980182777147171,33
ckad_01_ckad_2020-10-29-17-01-56_0,1603980184652736171,34
ckad_01_ckad_2020-10-29-17-01-56_0,1603980186729308171,35
ckad_01_ckad_2020-10-29-17-01-56_0,1603980188738881171,36
ckad_01_ckad_2020-10-29-17-01-56_0,1603980190748339171,37
ckad_01_ckad_2020-10-29-17-01-56_0,1603980192623923171,38
ckad_01_ckad_2020-10-29-17-01-56_0,1603980194566500171,39
ckad_01_ckad_2020-10-29-17-01-56_0,1603980196576080171,40
ckad_01_ckad_2020-10-29-17-01-56_0,1603980198518661171,41
ckad_01_ckad_2020-10-29-17-01-56_0,1603980200528240171,42
ckad_01_ckad_2020-10-29-17-01-56_0,1603980202537695171,43
ckad_01_ckad_2020-10-29-17-01-56_0,1603980204547272171,44
ckad_01_ckad_2020-10-29-17-01-56_0,1603980206556848171,45
ckad_01_ckad_2020-10-29-17-01-56_0,1603980208566431171,46
ckad_01_ckad_2020-10-29-17-01-56_0,1603980210509021171,47
ckad_01_ckad_2020-10-29-17-01-56_0,1603980212518476171,48
ckad_01_ckad_2020-10-29-17-01-56_0,1603980214528044171,49
ckad_01_ckad_2020-10-29-17-01-56_0,1603980216537620171,50
ckad_01_ckad_2020-10-29-17-01-56_0,1603980218547195171,51
ckad_01_ckad_2020-10-29-17-01-56_0,1603980220556651171,52
ckad_01_ckad_2020-10-29-17-01-56_0,1603980222566228171,53
ckad_01_ckad_2020-10-29-17-01-56_0,1603980224508813171,54
ckad_01_ckad_2020-10-29-17-01-56_0,1603980226518401171,55
ckad_01_ckad_2020-10-29-17-01-56_0,1603980228460966171,56
ckad_01_ckad_2020-10-29-17-01-56_0,1603980230537417171,57
ckad_01_ckad_2020-10-29-17-01-56_0,1603980232546997171,58
ckad_01_ckad_2020-10-29-17-01-56_0,1603980234556578171,59
ckad_01_ckad_2020-10-29-17-01-56_0,1603980236566153171,60
ckad_01_ckad_2020-10-29-17-01-56_0,1603980238508611171,61
ckad_01_ckad_2020-10-29-17-01-56_0,1603980240518190171,62
ckad_01_ckad_2020-10-29-17-01-56_0,1603980242527769171,63
ckad_01_ckad_2020-10-29-17-01-56_0,1603980244537408171,64
ckad_01_ckad_2020-10-29-17-01-56_0,1603980246547044171,65
ckad_01_ckad_2020-10-29-17-01-56_0,1603980248556812171,66
ckad_01_ckad_2020-10-29-17-01-56_0,1603980250566572171,67
ckad_01_ckad_2020-10-29-17-01-56_0,1603980252509328171,68
ckad_01_ckad_2020-10-29-17-01-56_0,1603980254586096171,69
ckad_01_ckad_2020-10-29-17-01-56_0,1603980256528728171,70
ckad_01_ckad_2020-10-29-17-01-56_0,1603980258538487171,71
ckad_01_ckad_2020-10-29-17-01-56_0,1603980260548248171,72
ckad_01_ckad_2020-10-29-17-01-56_0,1603980262558007171,73
ckad_01_ckad_2020-10-29-17-01-56_0,1603980264567639171,74
ckad_01_ckad_2020-10-29-17-01-56_0,1603980266577399171,75
ckad_01_ckad_2020-10-29-17-01-56_0,1603980268520152171,76
ckad_01_ckad_2020-10-29-17-01-56_0,1603980270529914171,77
ckad_01_ckad_2020-10-29-17-01-56_0,1603980272539665171,78
ckad_01_ckad_2020-10-29-17-01-56_0,1603980274549297171,79
ckad_01_ckad_2020-10-29-17-01-56_0,1603980276559050171,80
ckad_01_ckad_2020-10-29-17-01-56_0,1603980278568803171,81
ckad_01_ckad_2020-10-29-17-01-56_0,1603980280578561171,82
ckad_01_ckad_2020-10-29-17-01-56_0,1603980282521190171,83
ckad_01_ckad_2020-10-29-17-01-56_0,1603980284530945171,84
ckad_01_ckad_2020-10-29-17-01-56_0,1603980286540688171,85
ckad_01_ckad_2020-10-29-17-01-56_0,1603980288550440171,86
ckad_01_ckad_2020-10-29-17-01-56_0,1603980290560066171,87
ckad_01_ckad_2020-10-29-17-01-56_0,1603980292569818171,88
ckad_01_ckad_2020-10-29-17-01-56_0,1603980294512567171,89
ckad_01_ckad_2020-10-29-17-01-56_0,1603980296522318171,90
ckad_01_ckad_2020-10-29-17-01-56_0,1603980298465059171,91
ckad_01_ckad_2020-10-29-17-01-56_0,1603980300541682171,92
ckad_01_ckad_2020-10-29-17-01-56_0,1603980302551430171,93
ckad_01_ckad_2020-10-29-17-01-56_0,1603980304561211171,94
ckad_01_ckad_2020-10-29-17-01-56_0,1603980306570926171,95
ckad_01_ckad_2020-10-29-17-01-56_0,1603980308513677171,96
ckad_01_ckad_2020-10-29-17-01-56_0,1603980310523303171,97
ckad_01_ckad_2020-10-29-17-01-56_0,1603980312533033171,98
ckad_01_ckad_2020-10-29-17-01-56_0,1603980314542781171,99
ckad_01_ckad_2020-10-29-17-01-56_0,1603980316552549171,100
ckad_01_ckad_2020-10-29-17-01-56_0,1603980318562143171,101
ckad_01_ckad_2020-10-29-17-01-56_0,1603980320571885171,102
ckad_01_ckad_2020-10-29-17-01-56_0,1603980322514626171,103
ckad_01_ckad_2020-10-29-17-01-56_0,1603980324524365171,104
ckad_01_ckad_2020-10-29-17-01-56_0,1603980326533982171,105
ckad_01_ckad_2020-10-29-17-01-56_0,1603980328543720171,106
ckad_01_ckad_2020-10-29-17-01-56_0,1603980330553464171,107
ckad_01_ckad_2020-10-29-17-01-56_0,1603980332563200171,108
ckad_01_ckad_2020-10-29-17-01-56_0,1603980334505939171,109
ckad_01_ckad_2020-10-29-17-01-56_0,1603980336515564171,110
ckad_01_ckad_2020-10-29-17-01-56_0,1603980338525303171,111
ckad_01_ckad_2020-10-29-17-01-56_0,1603980340535031171,112
ckad_01_ckad_2020-10-29-17-01-56_0,1603980342544762171,113
ckad_01_ckad_2020-10-29-17-01-56_0,1603980344554403171,114
ckad_01_ckad_2020-10-29-17-01-56_0,1603980346564112171,115
ckad_01_ckad_2020-10-29-17-01-56_0,1603980348573847171,116
ckad_01_ckad_2020-10-29-17-01-56_0,1603980350583580171,117
ckad_01_ckad_2020-10-29-17-01-56_0,1603980352526315171,118
ckad_01_ckad_2020-10-29-17-01-56_0,1603980354535921171,119
ckad_01_ckad_2020-10-29-17-01-56_0,1603980356545664171,120
ckad_01_ckad_2020-10-29-17-01-56_0,1603980358488387171,121
ckad_01_ckad_2020-10-29-17-01-56_0,1603980360498119171,122
ckad_01_ckad_2020-10-29-17-01-56_0,1603980362574727171,123
ckad_01_ckad_2020-10-29-17-01-56_0,1603980364450453171,124
ckad_01_ckad_2020-10-29-17-01-56_0,1603980366460182171,125
ckad_01_ckad_2020-10-29-17-01-56_0,1603980368469919171,126
ckad_01_ckad_2020-10-29-17-01-56_0,1603980370546525171,127
ckad_01_ckad_2020-10-29-17-01-56_0,1603980372556252171,128
hospital_01_2020-07-14-16-59-35_0,1594735176334220645,0
hospital_01_2020-07-14-16-59-35_0,1594735178242407701,1
hospital_01_2020-07-14-16-59-35_0,1594735180147171975,2
hospital_01_2020-07-14-16-59-35_0,1594735181903010867,3
hospital_01_2020-07-14-16-59-35_0,1594735183697213733,4
hospital_01_2020-07-14-16-59-35_0,1594735185511013114,5
hospital_01_2020-07-14-16-59-35_0,1594735187399025954,6
hospital_01_2020-07-14-16-59-35_0,1594735189295192277,7
hospital_01_2020-07-14-16-59-35_0,1594735191210109008,8
hospital_01_2020-07-14-16-59-35_0,1594735193170543595,9
hospital_01_2020-07-14-16-59-35_0,1594735194981812625,10
hospital_01_2020-07-14-16-59-35_0,1594735196922262374,11
hospital_01_2020-07-14-16-59-35_0,1594735198968266429,12
hospital_01_2020-07-14-16-59-35_0,1594735201048594267,13
hospital_01_2020-07-14-16-59-35_0,1594735203129361516,14
hospital_01_2020-07-14-16-59-35_0,1594735205025139667,15
hospital_01_2020-07-14-16-59-35_0,1594735206943910768,16
hospital_01_2020-07-14-16-59-35_0,1594735208911779666,17
hospital_01_2020-07-14-16-59-35_0,1594735210977726345,18
hospital_01_2020-07-14-16-59-35_0,1594735213238183161,19
hospital_01_2020-07-14-16-59-35_0,1594735215309891377,20
hospital_01_2020-07-14-16-59-35_0,1594735217416315447,21
hospital_01_2020-07-14-16-59-35_0,1594735219184871977,22
hospital_01_2020-07-14-16-59-35_0,1594735221020137141,23
hospital_01_2020-07-14-16-59-35_0,1594735223033910905,24
hospital_01_2020-07-14-16-59-35_0,1594735224983985312,25
hospital_01_2020-07-14-16-59-35_0,1594735227097051720,26
hospital_01_2020-07-14-16-59-35_0,1594735229103016992,27
hospital_01_2020-07-14-16-59-35_0,1594735230959514067,28
hospital_01_2020-07-14-16-59-35_0,1594735232791267443,29
hospital_01_2020-07-14-16-59-35_0,1594735234560639529,30
hospital_01_2020-07-14-16-59-35_0,1594735236386095757,31
hospital_01_2020-07-14-16-59-35_0,1594735238235003028,32
hospital_01_2020-07-14-16-59-35_0,1594735239989038049,33
hospital_01_2020-07-14-16-59-35_0,1594735241736816325,34
hospital_01_2020-07-14-16-59-35_0,1594735243489301905,35
hospital_01_2020-07-14-16-59-35_0,1594735245368983335,36
hospital_01_2020-07-14-16-59-35_0,1594735247413285122,37
hospital_01_2020-07-14-16-59-35_0,1594735249557922191,38
hospital_01_2020-07-14-16-59-35_0,1594735251927014362,39
hospital_01_2020-07-14-16-59-35_0,1594735254099003622,40
hospital_01_2020-07-14-16-59-35_0,1594735256005219281,41
hospital_01_2020-07-14-16-59-35_0,1594735257955665055,42
hospital_01_2020-07-14-16-59-35_0,1594735259950095024,43
hospital_01_2020-07-14-16-59-35_0,1594735262040589279,44
hospital_01_2020-07-14-16-59-35_0,1594735263887036212,45
hospital_01_2020-07-14-16-59-35_0,1594735265772440310,46
hospital_01_2020-07-14-16-59-35_0,1594735267495024070,47
hospital_01_2020-07-14-16-59-35_0,1594735269301047330,48
hospital_01_2020-07-14-16-59-35_0,1594735271588347415,49
hospital_01_2020-07-14-16-59-35_0,1594735273413337683,50
hospital_01_2020-07-14-16-59-35_0,1594735275298048488,51
hospital_01_2020-07-14-16-59-35_0,1594735277625193692,52
hospital_01_2020-07-14-16-59-35_0,1594735279586118120,53
hospital_01_2020-07-14-16-59-35_0,1594735281645736549,54
hospital_01_2020-07-14-16-59-35_0,1594735283762176160,55
hospital_01_2020-07-14-16-59-35_0,1594735285730638448,56
hospital_01_2020-07-14-16-59-35_0,1594735287675033784,57
hospital_01_2020-07-14-16-59-35_0,1594735289483544485,58
hospital_01_2020-07-14-16-59-35_0,1594735291331484947,59
hospital_01_2020-07-14-16-59-35_0,1594735293160585849,60
hospital_01_2020-07-14-16-59-35_0,1594735294928950079,61
hospital_01_2020-07-14-16-59-35_0,1594735297033965055,62
hospital_01_2020-07-14-16-59-35_0,1594735298888910394,63
hospital_01_2020-07-14-16-59-35_0,1594735300745132548,64
hospital_01_2020-07-14-16-59-35_0,1594735302540960959,65
hospital_01_2020-07-14-16-59-35_0,1594735304812471289,66
hospital_01_2020-07-14-16-59-35_0,1594735306968209594,67
hospital_01_2020-07-14-16-59-35_0,1594735308726171405,68
hospital_01_2020-07-14-16-59-35_0,1594735310728524207,69
hospital_01_2020-07-14-16-59-35_0,1594735312619522209,70
hospital_01_2020-07-14-16-59-35_0,1594735314709335710,71
hospital_01_2020-07-14-16-59-35_0,1594735316871021384,72
hospital_01_2020-07-14-16-59-35_0,1594735318860728906,73
hospital_01_2020-07-14-16-59-35_0,1594735320799497722,74
hospital_01_2020-07-14-16-59-35_0,1594735322947051015,75
hospital_01_2020-07-14-16-59-35_0,1594735325025519632,76
hospital_01_2020-07-14-16-59-35_0,1594735327008302259,77
hospital_01_2020-07-14-16-59-35_0,1594735329119956946,78
hospital_01_2020-07-14-16-59-35_0,1594735331311906568,79
hospital_01_2020-07-14-16-59-35_0,1594735333399024323,80
hospital_01_2020-07-14-16-59-35_0,1594735335397967211,81
hospital_01_2020-07-14-16-59-35_0,1594735337441246540,82
hospital_01_2020-07-14-16-59-35_0,1594735339451021882,83
hospital_01_2020-07-14-16-59-35_0,1594735341555681669,84
hospital_01_2020-07-14-16-59-35_0,1594735343565299898,85
hospital_01_2020-07-14-16-59-35_0,1594735345544924467,86
hospital_01_2020-07-14-16-59-35_0,1594735347522997228,87
hospital_01_2020-07-14-16-59-35_0,1594735349543465677,88
hospital_01_2020-07-14-16-59-35_0,1594735351571020193,89
hospital_01_2020-07-14-16-59-35_0,1594735353420888401,90
hospital_01_2020-07-14-16-59-35_0,1594735355447028532,91
hospital_01_2020-07-14-16-59-35_0,1594735357314095244,92
hospital_01_2020-07-14-16-59-35_0,1594735359172951409,93
hospital_01_2020-07-14-16-59-35_0,1594735361222757008,94
hospital_01_2020-07-14-16-59-35_0,1594735363121850219,95
hospital_01_2020-07-14-16-59-35_0,1594735365293300218,96
hospital_01_2020-07-14-16-59-35_0,1594735367278540323,97
hospital_01_2020-07-14-16-59-35_0,1594735369407023656,98
hospital_01_2020-07-14-16-59-35_0,1594735371363016650,99
hospital_01_2020-07-14-16-59-35_0,1594735373168964375,100
hospital_01_2020-07-14-16-59-35_0,1594735375071732250,101
hospital_01_2020-07-14-16-59-35_0,1594735376957143773,102
hospital_01_2020-07-14-16-59-35_0,1594735378909336728,103
hospital_01_2020-07-14-16-59-35_0,1594735380807650130,104
hospital_01_2020-07-14-16-59-35_0,1594735382636692990,105
hospital_01_2020-07-14-16-59-35_0,1594735384957928763,106
hospital_01_2020-07-14-16-59-35_0,1594735386842332456,107
hospital_01_2020-07-14-16-59-35_0,1594735388823021015,108
hospital_01_2020-07-14-16-59-35_0,1594735390627049515,109
hospital_01_2020-07-14-16-59-35_0,1594735392533293527,110
hospital_01_2020-07-14-16-59-35_0,1594735394389288458,111
hospital_01_2020-07-14-16-59-35_0,1594735396297052004,112
hospital_01_2020-07-14-16-59-35_0,1594735398256328801,113
hospital_01_2020-07-14-16-59-35_0,1594735400300520865,114
hospital_01_2020-07-14-16-59-35_0,1594735402048024039,115
hospital_01_2020-07-14-16-59-35_0,1594735403871502877,116
hospital_01_2020-07-14-16-59-35_0,1594735405882269323,117
hospital_01_2020-07-14-16-59-35_0,1594735407829265267,118
hospital_01_2020-07-14-16-59-35_0,1594735409820062986,119
hospital_01_2020-07-14-16-59-35_0,1594735411774041474,120
hospital_01_2020-07-14-16-59-35_0,1594735413555026538,121
hospital_01_2020-07-14-16-59-35_0,1594735415413971350,122
hospital_01_2020-07-14-16-59-35_0,1594735417534850418,123
hospital_01_2020-07-14-16-59-35_0,1594735419569268212,124
hospital_01_2020-07-14-16-59-35_0,1594735421449248949,125
hospital_01_2020-07-14-16-59-35_0,1594735423387016028,126
hospital_01_2020-07-14-16-59-35_0,1594735425457477670,127
hospital_01_2020-07-14-16-59-35_0,1594735427340891159,128
hospital_01_2020-07-14-16-59-35_0,1594735429587023038,129
hospital_01_2020-07-14-16-59-35_0,1594735431623020505,130
hospital_01_2020-07-14-16-59-35_0,1594735433615134410,131
hospital_01_2020-07-14-16-59-35_0,1594735435436196833,132
ipcp_03_2020-06-23_ipcp_2020-06-23-16-48-18_0,1592920098918618095,0
ipcp_03_2020-06-23_ipcp_2020-06-23-16-48-18_0,1592920100873029902,1
ipcp_03_2020-06-23_ipcp_2020-06-23-16-48-18_0,1592920102874900472,2
ipcp_03_2020-06-23_ipcp_2020-06-23-16-48-18_0,1592920104888969993,3
ipcp_03_2020-06-23_ipcp_2020-06-23-16-48-18_0,1592920106826378841,4
ipcp_03_2020-06-23_ipcp_2020-06-23-16-48-18_0,1592920108784323480,5
ipcp_03_2020-06-23_ipcp_2020-06-23-16-48-18_0,1592920110752541553,6
ipcp_03_2020-06-23_ipcp_2020-06-23-16-48-18_0,1592920112683055201,7
ipcp_03_2020-06-23_ipcp_2020-06-23-16-48-18_0,1592920114632726430,8
ipcp_03_2020-06-23_ipcp_2020-06-23-16-48-18_0,1592920116507060796,9
ipcp_03_2020-06-23_ipcp_2020-06-23-16-48-18_0,1592920118486439645,10
ipcp_03_2020-06-23_ipcp_2020-06-23-16-48-18_0,1592920120358735774,11
ipcp_03_2020-06-23_ipcp_2020-06-23-16-48-18_0,1592920122273414801,12
ipcp_03_2020-06-23_ipcp_2020-06-23-16-48-18_0,1592920124192693404,13
ipcp_03_2020-06-23_ipcp_2020-06-23-16-48-18_0,1592920126106145817,14
ipcp_03_2020-06-23_ipcp_2020-06-23-16-48-18_0,1592920128091939243,15
ipcp_03_2020-06-23_ipcp_2020-06-23-16-48-18_0,1592920130140856212,16
ipcp_03_2020-06-23_ipcp_2020-06-23-16-48-18_0,1592920132336501354,17
ipcp_03_2020-06-23_ipcp_2020-06-23-16-48-18_0,1592920134317038941,18
ipcp_03_2020-06-23_ipcp_2020-06-23-16-48-18_0,1592920136352923571,19
ipcp_03_2020-06-23_ipcp_2020-06-23-16-48-18_0,1592920138361930848,20
ipcp_03_2020-06-23_ipcp_2020-06-23-16-48-18_0,1592920140545084398,21
ipcp_03_2020-06-23_ipcp_2020-06-23-16-48-18_0,1592920142556993420,22
ipcp_03_2020-06-23_ipcp_2020-06-23-16-48-18_0,1592920144648200376,23
ipcp_03_2020-06-23_ipcp_2020-06-23-16-48-18_0,1592920146719041407,24
ipcp_03_2020-06-23_ipcp_2020-06-23-16-48-18_0,1592920148788989899,25
ipcp_03_2020-06-23_ipcp_2020-06-23-16-48-18_0,1592920150841029235,26
ipcp_03_2020-06-23_ipcp_2020-06-23-16-48-18_0,1592920152964834324,27
ipcp_03_2020-06-23_ipcp_2020-06-23-16-48-18_0,1592920155052959574,28
ipcp_03_2020-06-23_ipcp_2020-06-23-16-48-18_0,1592920157163069707,29
ipcp_03_2020-06-23_ipcp_2020-06-23-16-48-18_0,1592920159224973568,30
ipcp_03_2020-06-23_ipcp_2020-06-23-16-48-18_0,1592920161371938082,31
ipcp_03_2020-06-23_ipcp_2020-06-23-16-48-18_0,1592920163385681257,32
ipcp_03_2020-06-23_ipcp_2020-06-23-16-48-18_0,1592920165556866009,33
ipcp_03_2020-06-23_ipcp_2020-06-23-16-48-18_0,1592920167682101497,34
ipcp_03_2020-06-23_ipcp_2020-06-23-16-48-18_0,1592920169865360280,35
ipcp_03_2020-06-23_ipcp_2020-06-23-16-48-18_0,1592920172043361403,36
ipcp_03_2020-06-23_ipcp_2020-06-23-16-48-18_0,1592920174147093754,37
ipcp_03_2020-06-23_ipcp_2020-06-23-16-48-18_0,1592920176127624151,38
ipcp_03_2020-06-23_ipcp_2020-06-23-16-48-18_0,1592920178240695156,39
ipcp_03_2020-06-23_ipcp_2020-06-23-16-48-18_0,1592920180452392011,40
ipcp_03_2020-06-23_ipcp_2020-06-23-16-48-18_0,1592920182641820593,41
ipcp_03_2020-06-23_ipcp_2020-06-23-16-48-18_0,1592920184785075690,42
ipcp_03_2020-06-23_ipcp_2020-06-23-16-48-18_0,1592920186683051990,43
ipcp_03_2020-06-23_ipcp_2020-06-23-16-48-18_0,1592920188692641610,44
ipcp_03_2020-06-23_ipcp_2020-06-23-16-48-18_0,1592920190504534613,45
ipcp_03_2020-06-23_ipcp_2020-06-23-16-48-18_0,1592920192473769539,46
ipcp_03_2020-06-23_ipcp_2020-06-23-16-48-18_0,1592920194455185215,47
ipcp_03_2020-06-23_ipcp_2020-06-23-16-48-18_0,1592920196340852803,48
ipcp_03_2020-06-23_ipcp_2020-06-23-16-48-18_0,1592920198329082089,49
ipcp_03_2020-06-23_ipcp_2020-06-23-16-48-18_0,1592920200189015462,50
ipcp_03_2020-06-23_ipcp_2020-06-23-16-48-18_0,1592920202085597786,51
ipcp_03_2020-06-23_ipcp_2020-06-23-16-48-18_0,1592920203961288669,52
ipcp_03_2020-06-23_ipcp_2020-06-23-16-48-18_0,1592920205871081306,53
ipcp_03_2020-06-23_ipcp_2020-06-23-16-48-18_0,1592920207639605444,54
ipcp_03_2020-06-23_ipcp_2020-06-23-16-48-18_0,1592920209509107372,55
ipcp_03_2020-06-23_ipcp_2020-06-23-16-48-18_0,1592920211284507050,56
ipcp_03_2020-06-23_ipcp_2020-06-23-16-48-18_0,1592920213144846973,57
ipcp_03_2020-06-23_ipcp_2020-06-23-16-48-18_0,1592920215040644670,58
ipcp_03_2020-06-23_ipcp_2020-06-23-16-48-18_0,1592920216964566759,59
ipcp_03_2020-06-23_ipcp_2020-06-23-16-48-18_0,1592920218766269302,60
ipcp_03_2020-06-23_ipcp_2020-06-23-16-48-18_0,1592920220552902982,61
ipcp_03_2020-06-23_ipcp_2020-06-23-16-48-18_0,1592920222708860785,62
ipcp_03_2020-06-23_ipcp_2020-06-23-16-48-18_0,1592920224857305619,63
ipcp_03_2020-06-23_ipcp_2020-06-23-16-48-18_0,1592920226655822954,64
ipcp_03_2020-06-23_ipcp_2020-06-23-16-48-18_0,1592920228833021840,65
ipcp_03_2020-08-19_ipcp_2020-08-19-20-23-09_0,1597857790213365939,0
ipcp_03_2020-08-19_ipcp_2020-08-19-20-23-09_0,1597857792356098705,1
ipcp_03_2020-08-19_ipcp_2020-08-19-20-23-09_0,1597857794426591839,2
ipcp_03_2020-08-19_ipcp_2020-08-19-20-23-09_0,1597857796513612514,3
ipcp_03_2020-08-19_ipcp_2020-08-19-20-23-09_0,1597857798581128669,4
ipcp_03_2020-08-19_ipcp_2020-08-19-20-23-09_0,1597857800585425139,5
ipcp_03_2020-08-19_ipcp_2020-08-19-20-23-09_0,1597857802626050487,6
ipcp_03_2020-08-19_ipcp_2020-08-19-20-23-09_0,1597857804643500211,7
ipcp_03_2020-08-19_ipcp_2020-08-19-20-23-09_0,1597857806678538519,8
ipcp_03_2020-08-19_ipcp_2020-08-19-20-23-09_0,1597857808513456879,9
ipcp_03_2020-08-19_ipcp_2020-08-19-20-23-09_0,1597857810571929341,10
ipcp_03_2020-08-19_ipcp_2020-08-19-20-23-09_0,1597857812658506386,11
ipcp_03_2020-08-19_ipcp_2020-08-19-20-23-09_0,1597857814852899801,12
ipcp_03_2020-08-19_ipcp_2020-08-19-20-23-09_0,1597857817028879754,13
ipcp_03_2020-08-19_ipcp_2020-08-19-20-23-09_0,1597857819254054438,14
ipcp_03_2020-08-19_ipcp_2020-08-19-20-23-09_0,1597857821136308412,15
ipcp_03_2020-08-19_ipcp_2020-08-19-20-23-09_0,1597857822997845630,16
ipcp_03_2020-08-19_ipcp_2020-08-19-20-23-09_0,1597857824793523078,17
ipcp_03_2020-08-19_ipcp_2020-08-19-20-23-09_0,1597857826706457508,18
ipcp_03_2020-08-19_ipcp_2020-08-19-20-23-09_0,1597857828519498907,19
ipcp_03_2020-08-19_ipcp_2020-08-19-20-23-09_0,1597857830399478720,20
ipcp_03_2020-08-19_ipcp_2020-08-19-20-23-09_0,1597857832175562796,21
ipcp_03_2020-08-19_ipcp_2020-08-19-20-23-09_0,1597857833990340262,22
ipcp_03_2020-08-19_ipcp_2020-08-19-20-23-09_0,1597857835797940111,23
ipcp_03_2020-08-19_ipcp_2020-08-19-20-23-09_0,1597857837644462517,24
ipcp_03_2020-08-19_ipcp_2020-08-19-20-23-09_0,1597857839445393247,25
ipcp_03_2020-08-19_ipcp_2020-08-19-20-23-09_0,1597857841268637770,26
ipcp_03_2020-08-19_ipcp_2020-08-19-20-23-09_0,1597857843375343466,27
ipcp_03_2020-08-19_ipcp_2020-08-19-20-23-09_0,1597857845465808551,28
ipcp_03_2020-08-19_ipcp_2020-08-19-20-23-09_0,1597857847589304721,29
ipcp_03_2020-08-19_ipcp_2020-08-19-20-23-09_0,1597857849745198128,30
ipcp_03_2020-08-19_ipcp_2020-08-19-20-23-09_0,1597857851909433677,31
ipcp_03_2020-08-19_ipcp_2020-08-19-20-23-09_0,1597857854073554607,32
ipcp_03_2020-08-19_ipcp_2020-08-19-20-23-09_0,1597857856211000343,33
ipcp_03_2020-08-19_ipcp_2020-08-19-20-23-09_0,1597857858337616231,34
ipcp_03_2020-08-19_ipcp_2020-08-19-20-23-09_0,1597857860394806771,35
ipcp_03_2020-08-19_ipcp_2020-08-19-20-23-09_0,1597857862403250110,36
ipcp_03_2020-08-19_ipcp_2020-08-19-20-23-09_0,1597857864311569285,37
ipcp_03_2020-08-19_ipcp_2020-08-19-20-23-09_0,1597857866236012660,38
ipcp_03_2020-08-19_ipcp_2020-08-19-20-23-09_0,1597857868417354974,39
ipcp_03_2020-08-19_ipcp_2020-08-19-20-23-09_0,1597857870261460907,40
ipcp_03_2020-08-19_ipcp_2020-08-19-20-23-09_0,1597857872177682256,41
ipcp_03_2020-08-19_ipcp_2020-08-19-20-23-09_0,1597857874133440697,42
ipcp_03_2020-08-19_ipcp_2020-08-19-20-23-09_0,1597857876061281456,43
ipcp_03_2020-08-19_ipcp_2020-08-19-20-23-09_0,1597857878079166091,44
ipcp_03_2020-08-19_ipcp_2020-08-19-20-23-09_0,1597857880008998550,45
ipcp_03_2020-08-19_ipcp_2020-08-19-20-23-09_0,1597857881924862530,46
ipcp_03_2020-08-19_ipcp_2020-08-19-20-23-09_0,1597857883993339899,47
ipcp_03_2020-08-19_ipcp_2020-08-19-20-23-09_0,1597857886129513897,48
ipcp_03_2020-08-19_ipcp_2020-08-19-20-23-09_0,1597857888268845174,49
ipcp_03_2020-08-19_ipcp_2020-08-19-20-23-09_0,1597857890331598146,50
ipcp_03_2020-08-19_ipcp_2020-08-19-20-23-09_0,1597857892304717337,51
ipcp_03_2020-08-19_ipcp_2020-08-19-20-23-09_0,1597857894138436577,52
ipcp_03_2020-08-19_ipcp_2020-08-19-20-23-09_0,1597857895965511892,53
ipcp_03_2020-08-19_ipcp_2020-08-19-20-23-09_0,1597857897880767919,54
ipcp_03_2020-08-19_ipcp_2020-08-19-20-23-09_0,1597857899811957125,55
ipcp_03_2020-08-19_ipcp_2020-08-19-20-23-09_0,1597857901895837530,56
ipcp_03_2020-08-19_ipcp_2020-08-19-20-23-09_0,1597857903961310682,57
ipcp_03_2020-08-19_ipcp_2020-08-19-20-23-09_0,1597857906032788923,58
ipcp_03_2020-08-19_ipcp_2020-08-19-20-23-09_0,1597857908009297595,59
ipcp_03_2020-08-19_ipcp_2020-08-19-20-23-09_0,1597857909954669178,60
ipcp_03_2020-08-19_ipcp_2020-08-19-20-23-09_0,1597857911931817288,61
ipcp_03_2020-08-19_ipcp_2020-08-19-20-23-09_0,1597857913772245307,62
ipcp_03_2020-08-19_ipcp_2020-08-19-20-23-09_0,1597857915733677129,63
ipcp_03_2020-08-19_ipcp_2020-08-19-20-23-09_0,1597857917597604913,64
ipcp_03_2020-08-19_ipcp_2020-08-19-20-23-09_0,1597857919524669639,65
ipcp_03_2020-08-19_ipcp_2020-08-19-20-23-09_0,1597857921370074576,66
ipcp_03_2020-08-19_ipcp_2020-08-19-20-23-09_0,1597857923421519417,67
ipcp_03_2020-08-19_ipcp_2020-08-19-20-23-09_0,1597857925450252153,68
ipcp_03_2020-08-19_ipcp_2020-08-19-20-23-09_0,1597857927549295294,69
ipcp_03_2020-08-19_ipcp_2020-08-19-20-23-09_0,1597857929561530515,70
ipcp_03_2020-08-19_ipcp_2020-08-19-20-23-09_0,1597857931643480541,71
ipcp_03_2020-08-19_ipcp_2020-08-19-20-23-09_0,1597857933665685736,72
ipcp_03_2020-08-19_ipcp_2020-08-19-20-23-09_0,1597857935613175572,73
ipcp_03_2020-08-19_ipcp_2020-08-19-20-23-09_0,1597857937462481108,74
ipcp_03_2020-08-19_ipcp_2020-08-19-20-23-09_0,1597857939386781419,75
ipcp_03_2020-08-19_ipcp_2020-08-19-20-23-09_0,1597857941272511617,76
ipcp_03_2020-08-19_ipcp_2020-08-19-20-23-09_0,1597857943409572551,77
ipcp_03_2020-08-19_ipcp_2020-08-19-20-23-09_0,1597857945255220748,78
ipcp_03_2020-08-19_ipcp_2020-08-19-20-23-09_0,1597857947314081628,79
ipcp_03_2020-08-19_ipcp_2020-08-19-20-23-09_0,1597857949481342343,80
ipcp_03_2020-08-19_ipcp_2020-08-19-20-23-09_0,1597857951432035508,81
ipcp_03_2020-08-19_ipcp_2020-08-19-20-23-09_0,1597857953473069826,82
ipcp_03_2020-08-19_ipcp_2020-08-19-20-23-09_0,1597857955426022914,83
ipcp_03_2020-08-19_ipcp_2020-08-19-20-23-09_0,1597857957381290023,84
ipcp_03_2020-08-19_ipcp_2020-08-19-20-23-09_0,1597857959341384264,85
ipcp_03_2020-08-19_ipcp_2020-08-19-20-23-09_0,1597857961377113266,86
ipcp_03_2020-08-19_ipcp_2020-08-19-20-23-09_0,1597857963488684700,87
ipcp_03_2020-08-19_ipcp_2020-08-19-20-23-09_0,1597857965637317064,88
ipcp_03_2020-08-19_ipcp_2020-08-19-20-23-09_0,1597857967708948115,89
ipcp_03_2020-08-19_ipcp_2020-08-19-20-23-09_0,1597857969760924259,90
ipcp_03_2020-08-19_ipcp_2020-08-19-20-23-09_0,1597857971964260924,91
ipcp_03_2020-08-19_ipcp_2020-08-19-20-23-09_0,1597857974170409691,92
ipcp_03_2020-08-19_ipcp_2020-08-19-20-23-09_0,1597857976305154075,93
ipcp_03_2020-08-19_ipcp_2020-08-19-20-23-09_0,1597857978454243881,94
ipcp_03_2020-08-19_ipcp_2020-08-19-20-23-09_0,1597857980533086245,95
ipcp_03_2020-08-19_ipcp_2020-08-19-20-23-09_0,1597857982409159655,96
ipcp_03_2020-08-19_ipcp_2020-08-19-20-23-09_0,1597857984304132329,97
ipcp_03_2020-08-19_ipcp_2020-08-19-20-23-09_0,1597857986369343536,98
ipcp_03_2020-08-19_ipcp_2020-08-19-20-23-09_0,1597857988372511816,99
ipcp_03_2020-08-19_ipcp_2020-08-19-20-23-09_0,1597857990375989940,100
ipcp_03_2020-08-19_ipcp_2020-08-19-20-23-09_0,1597857992342113091,101
ipcp_03_2020-08-19_ipcp_2020-08-19-20-23-09_0,1597857994285340557,102
ipcp_03_2020-08-19_ipcp_2020-08-19-20-23-09_0,1597857996387494441,103
ipcp_03_2020-08-19_ipcp_2020-08-19-20-23-09_0,1597857998405240568,104
ipcp_03_2020-08-19_ipcp_2020-08-19-20-23-09_0,1597858000290700296,105
ipcp_03_2020-08-19_ipcp_2020-08-19-20-23-09_0,1597858002227743072,106
ipcp_03_2020-08-19_ipcp_2020-08-19-20-23-09_0,1597858004175625113,107
ipcp_03_2020-08-19_ipcp_2020-08-19-20-23-09_0,1597858006025479446,108
ipcp_03_2020-08-19_ipcp_2020-08-19-20-23-09_0,1597858008152100494,109
ipcp_03_2020-08-19_ipcp_2020-08-19-20-23-09_0,1597858009993374800,110
ipcp_03_2020-08-19_ipcp_2020-08-19-20-23-09_0,1597858012094924167,111
ipcp_03_2020-08-19_ipcp_2020-08-19-20-23-09_0,1597858014266164072,112
ipcp_03_2020-08-19_ipcp_2020-08-19-20-23-09_0,1597858016373603133,113
ipcp_03_2020-08-19_ipcp_2020-08-19-20-23-09_0,1597858018493213370,114
ipcp_03_2020-08-19_ipcp_2020-08-19-20-23-09_0,1597858020617115625,115
ipcp_03_2020-08-19_ipcp_2020-08-19-20-23-09_0,1597858022670106203,116
ipcp_03_2020-08-19_ipcp_2020-08-19-20-23-09_0,1597858024535568170,117
ipcp_03_2020-08-19_ipcp_2020-08-19-20-23-09_0,1597858026387392184,118
ipcp_03_2020-08-19_ipcp_2020-08-19-20-23-09_0,1597858028283479473,119
ipcp_03_2020-08-19_ipcp_2020-08-19-20-23-09_0,1597858030161166473,120
ipcp_03_2020-08-19_ipcp_2020-08-19-20-23-09_0,1597858032326067649,121
ipcp_03_2020-08-19_ipcp_2020-08-19-20-23-09_0,1597858034210106319,122
ipcp_03_2020-08-19_ipcp_2020-08-19-20-23-09_0,1597858036049422026,123
ipcp_03_2020-08-19_ipcp_2020-08-19-20-23-09_0,1597858037969752465,124
ipcp_03_2020-08-19_ipcp_2020-08-19-20-23-09_0,1597858040137401976,125
ipcp_03_2020-08-19_ipcp_2020-08-19-20-23-09_0,1597858041995503293,126
ipcp_03_2020-08-19_ipcp_2020-08-19-20-23-09_0,1597858043962391741,127
ipcp_03_2020-08-19_ipcp_2020-08-19-20-23-09_0,1597858046109788393,128
ipcp_03_2020-08-19_ipcp_2020-08-19-20-23-09_0,1597858048236799007,129
ipcp_03_2020-08-19_ipcp_2020-08-19-20-23-09_0,1597858050391316968,130
ipcp_03_2020-08-19_ipcp_2020-08-19-20-23-09_0,1597858052221561898,131
ipcp_03_2020-08-19_ipcp_2020-08-19-20-23-09_0,1597858054052754579,132
ipcp_03_2020-08-19_ipcp_2020-08-19-20-23-09_0,1597858055909480024,133
ipcp_03_2020-08-19_ipcp_2020-08-19-20-23-09_0,1597858057731069744,134
ipcp_03_2020-08-19_ipcp_2020-08-19-20-23-09_0,1597858059610763064,135
ipcp_03_2020-08-19_ipcp_2020-08-19-20-23-09_0,1597858061451664589,136
ipcp_03_2020-08-19_ipcp_2020-08-19-20-23-09_0,1597858063285190018,137
ipcp_03_2020-08-19_ipcp_2020-08-19-20-23-09_0,1597858065209863478,138
ipcp_03_2020-08-19_ipcp_2020-08-19-20-23-09_0,1597858067317223699,139
ipcp_03_2020-08-19_ipcp_2020-08-19-20-23-09_0,1597858069453480999,140
ipcp_03_2020-08-19_ipcp_2020-08-19-20-23-09_0,1597858071565356837,141
ipcp_03_2020-08-19_ipcp_2020-08-19-20-23-09_0,1597858073565748419,142
ipcp_03_2020-08-19_ipcp_2020-08-19-20-23-09_0,1597858075590499296,143
ipcp_03_2020-08-19_ipcp_2020-08-19-20-23-09_0,1597858077765798094,144
ipcp_03_2020-08-19_ipcp_2020-08-19-20-23-09_0,1597858079650530178,145
ipcp_03_2020-08-19_ipcp_2020-08-19-20-23-09_0,1597858081456552940,146
ipcp_03_2020-08-19_ipcp_2020-08-19-20-23-09_0,1597858083309455369,147
ipcp_03_2020-08-19_ipcp_2020-08-19-20-23-09_0,1597858085488507807,148
ipcp_03_2020-08-19_ipcp_2020-08-19-20-23-09_0,1597858087653605725,149
ipcp_03_2020-08-19_ipcp_2020-08-19-20-23-09_0,1597858089713443653,150
ipcp_03_2020-08-19_ipcp_2020-08-19-20-23-09_0,1597858091865346942,151
ipcp_03_2020-08-19_ipcp_2020-08-19-20-23-09_0,1597858093979533332,152
ipcp_03_2020-08-19_ipcp_2020-08-19-20-23-09_0,1597858096081447847,153
ipcp_03_2020-08-19_ipcp_2020-08-19-20-23-09_0,1597858098007120441,154
ipcp_03_2020-08-19_ipcp_2020-08-19-20-23-09_0,1597858100118849497,155
ipcp_03_2020-08-19_ipcp_2020-08-19-20-23-09_0,1597858102220743249,156
ipcp_03_2020-08-19_ipcp_2020-08-19-20-23-09_0,1597858104388747415,157
ipcp_03_2020-08-19_ipcp_2020-08-19-20-23-09_0,1597858106281177450,158
ipcp_03_2020-08-19_ipcp_2020-08-19-20-23-09_0,1597858108201107684,159
ipcp_03_2020-08-19_ipcp_2020-08-19-20-23-09_0,1597858110213195072,160
ipcp_03_2020-08-19_ipcp_2020-08-19-20-23-09_0,1597858112154178629,161
ipcp_03_2020-08-19_ipcp_2020-08-19-20-23-09_0,1597858114073886043,162
ipcp_03_2020-08-19_ipcp_2020-08-19-20-23-09_0,1597858116073510879,163
ipcp_03_2020-08-19_ipcp_2020-08-19-20-23-09_0,1597858118185181393,164
ipcp_03_2020-08-19_ipcp_2020-08-19-20-23-09_0,1597858120148239270,165
ipcp_03_2020-08-19_ipcp_2020-08-19-20-23-09_0,1597858122161041439,166
ipcp_03_2020-08-19_ipcp_2020-08-19-20-23-09_0,1597858124079605514,167
ipcp_03_2020-08-19_ipcp_2020-08-19-20-23-09_0,1597858126029322149,168
ipcp_03_2020-08-19_ipcp_2020-08-19-20-23-09_0,1597858127977865902,169
ipcp_03_2020-08-19_ipcp_2020-08-19-20-23-09_0,1597858129932434363,170
ipcp_03_2020-08-19_ipcp_2020-08-19-20-23-09_0,1597858131961857196,171
ipcp_03_2020-08-19_ipcp_2020-08-19-20-23-09_0,1597858133925976432,172
ipcp_03_2020-08-19_ipcp_2020-08-19-20-23-09_0,1597858135823486372,173
ipcp_03_2020-08-19_ipcp_2020-08-19-20-23-09_0,1597858137761388177,174
ipcp_03_2020-08-19_ipcp_2020-08-19-20-23-09_0,1597858139699143519,175
ipcp_03_2020-08-19_ipcp_2020-08-19-20-23-09_0,1597858141758900934,176
ipcp_03_2020-08-19_ipcp_2020-08-19-20-23-09_0,1597858143759102246,177
ipcp_03_2020-08-19_ipcp_2020-08-19-20-23-09_0,1597858145752304574,178
ipcp_03_2020-08-19_ipcp_2020-08-19-20-23-09_0,1597858147720004320,179
ipcp_03_2020-08-19_ipcp_2020-08-19-20-23-09_0,1597858149672028033,180
ipcp_03_2020-08-19_ipcp_2020-08-19-20-23-09_0,1597858151734167140,181
ipcp_03_2020-08-19_ipcp_2020-08-19-20-23-09_0,1597858153769539277,182
ipcp_03_2020-08-19_ipcp_2020-08-19-20-23-09_0,1597858155953227129,183
ipcp_03_2020-08-19_ipcp_2020-08-19-20-23-09_0,1597858158021732847,184
ipcp_03_2020-08-19_ipcp_2020-08-19-20-23-09_0,1597858160057265902,185
ipcp_03_2020-08-19_ipcp_2020-08-19-20-23-09_0,1597858162174086491,186
ipcp_03_2020-08-19_ipcp_2020-08-19-20-23-09_0,1597858164183085541,187
ipcp_03_2020-08-19_ipcp_2020-08-19-20-23-09_0,1597858166139492115,188
ipcp_03_2020-08-19_ipcp_2020-08-19-20-23-09_0,1597858168004055669,189
ipcp_03_2020-08-19_ipcp_2020-08-19-20-23-09_0,1597858169999081076,190
ipcp_03_2020-08-19_ipcp_2020-08-19-20-23-09_0,1597858171992027072,191
ipcp_03_2020-08-19_ipcp_2020-08-19-20-23-09_0,1597858174037136696,192
ipcp_03_2020-08-19_ipcp_2020-08-19-20-23-09_0,1597858176078053699,193
ipcp_03_2020-08-19_ipcp_2020-08-19-20-23-09_0,1597858178136710124,194
ipcp_03_2020-08-19_ipcp_2020-08-19-20-23-09_0,1597858180067665031,195
ipcp_03_2020-08-19_ipcp_2020-08-19-20-23-09_0,1597858181981161727,196
ipcp_03_2020-08-19_ipcp_2020-08-19-20-23-09_0,1597858183845065425,197
ipcp_03_2020-08-19_ipcp_2020-08-19-20-23-09_0,1597858185687643206,198
ipcp_03_2020-08-19_ipcp_2020-08-19-20-23-09_0,1597858187812013666,199
ipcp_03_2020-08-19_ipcp_2020-08-19-20-23-09_0,1597858189983494813,200
ipcp_03_2020-08-19_ipcp_2020-08-19-20-23-09_0,1597858191837157999,201
ipcp_03_2020-08-19_ipcp_2020-08-19-20-23-09_0,1597858193667259741,202
ipcp_03_2020-08-19_ipcp_2020-08-19-20-23-09_0,1597858195537687662,203
ipcp_03_2020-08-19_ipcp_2020-08-19-20-23-09_0,1597858197709757929,204
ipcp_03_2020-08-19_ipcp_2020-08-19-20-23-09_0,1597858199869387871,205
ipcp_03_2020-08-19_ipcp_2020-08-19-20-23-09_0,1597858201689477239,206
ipcp_03_2020-08-19_ipcp_2020-08-19-20-23-09_0,1597858203643147395,207
ipcp_03_2020-08-19_ipcp_2020-08-19-20-23-09_0,1597858205681486350,208
ipcp_03_2020-08-19_ipcp_2020-08-19-20-23-09_0,1597858207688526896,209
ipcp_03_2020-08-19_ipcp_2020-08-19-20-23-09_0,1597858209845684768,210
ipcp_03_2020-08-19_ipcp_2020-08-19-20-23-09_0,1597858211906194226,211
ipcp_03_2020-08-19_ipcp_2020-08-19-20-23-09_0,1597858213981380681,212
ipcp_03_2020-08-19_ipcp_2020-08-19-20-23-09_0,1597858216134615658,213
ipcp_03_2020-08-19_ipcp_2020-08-19-20-23-09_0,1597858218354171881,214
ipcp_03_2020-08-19_ipcp_2020-08-19-20-23-09_0,1597858220497515211,215
ipcp_03_2020-08-19_ipcp_2020-08-19-20-23-09_0,1597858222665197288,216
ipcp_03_2020-08-19_ipcp_2020-08-19-20-23-09_0,1597858224839532298,217
ipcp_03_2020-08-19_ipcp_2020-08-19-20-23-09_0,1597858227017062253,218
ipcp_03_2020-08-19_ipcp_2020-08-19-20-23-09_0,1597858229112859722,219
ipcp_03_2020-08-19_ipcp_2020-08-19-20-23-09_0,1597858231253204617,220
ipcp_03_2020-08-19_ipcp_2020-08-19-20-23-09_0,1597858233335724869,221
ipcp_03_2020-08-19_ipcp_2020-08-19-20-23-09_0,1597858235404041877,222
ipcp_03_2020-08-19_ipcp_2020-08-19-20-23-09_0,1597858237445349736,223
ipcp_03_2020-08-19_ipcp_2020-08-19-20-23-09_0,1597858239612805078,224
ipcp_03_2020-08-19_ipcp_2020-08-19-20-23-09_0,1597858241680901846,225
ipcp_03_2020-08-19_ipcp_2020-08-19-20-23-09_0,1597858243775763030,226
ipcp_03_2020-08-19_ipcp_2020-08-19-20-23-09_0,1597858245816807263,227
ipcp_03_2020-08-19_ipcp_2020-08-19-20-23-09_0,1597858247893005789,228
ipcp_03_2020-08-19_ipcp_2020-08-19-20-23-09_0,1597858249916872040,229
ipcp_03_2020-08-19_ipcp_2020-08-19-20-23-09_0,1597858251940943331,230
ipcp_03_2020-08-19_ipcp_2020-08-19-20-23-09_0,1597858254013110584,231
ipcp_03_2020-08-19_ipcp_2020-08-19-20-23-09_0,1597858256138249753,232
ipcp_03_2020-08-19_ipcp_2020-08-19-20-23-09_0,1597858258333212694,233
ipcp_03_2020-08-19_ipcp_2020-08-19-20-23-09_0,1597858260158263603,234
ipcp_03_2020-08-19_ipcp_2020-08-19-20-23-09_0,1597858262236969889,235
ipcp_03_2020-08-19_ipcp_2020-08-19-20-23-09_0,1597858264225207244,236
ipcp_03_2020-08-19_ipcp_2020-08-19-20-23-09_0,1597858266381118173,237
ipcp_03_2020-08-19_ipcp_2020-08-19-20-23-09_0,1597858268507498117,238
ipcp_03_2020-08-19_ipcp_2020-08-19-20-23-09_0,1597858270540801196,239
ipcp_03_2020-08-19_ipcp_2020-08-19-20-23-09_0,1597858272627604035,240
ipcp_03_2020-08-19_ipcp_2020-08-19-20-23-09_0,1597858274647066772,241
ipcp_03_2020-08-19_ipcp_2020-08-19-20-23-09_0,1597858276573134572,242
ipcp_03_2020-08-19_ipcp_2020-08-19-20-23-09_0,1597858278613234284,243
ipcp_03_2020-08-19_ipcp_2020-08-19-20-23-09_0,1597858280623788664,244
ipcp_03_2020-08-19_ipcp_2020-08-19-20-23-09_0,1597858282493695443,245
ipcp_03_2020-08-19_ipcp_2020-08-19-20-23-09_0,1597858284397917876,246
ipcp_03_2020-08-19_ipcp_2020-08-19-20-23-09_0,1597858286333452777,247
ipcp_03_2020-08-19_ipcp_2020-08-19-20-23-09_0,1597858288276665688,248
ipcp_03_2020-08-19_ipcp_2020-08-19-20-23-09_0,1597858290161623361,249
ipcp_03_2020-08-19_ipcp_2020-08-19-20-23-09_0,1597858292171737724,250
ipcp_03_2020-08-19_ipcp_2020-08-19-20-23-09_0,1597858293962650639,251
ipcp_03_2020-08-19_ipcp_2020-08-19-20-23-09_0,1597858296125458149,252
ipcp_03_2020-08-19_ipcp_2020-08-19-20-23-09_0,1597858298251452569,253
ipcp_03_2020-08-19_ipcp_2020-08-19-20-23-09_0,1597858300442287103,254
ipcp_03_2020-08-19_ipcp_2020-08-19-20-23-09_0,1597858302680171534,255
ipcp_03_2020-08-19_ipcp_2020-08-19-20-23-09_0,1597858304841430201,256
ipcp_03_2020-08-19_ipcp_2020-08-19-20-23-09_0,1597858306893409945,257
ipcp_03_2020-08-19_ipcp_2020-08-19-20-23-09_0,1597858308849779362,258
ipcp_03_2020-08-19_ipcp_2020-08-19-20-23-09_0,1597858310665473750,259
ipcp_03_2020-08-19_ipcp_2020-08-19-20-23-09_0,1597858312809314092,260
ipcp_03_2020-08-19_ipcp_2020-08-19-20-23-09_0,1597858314881691596,261
ipcp_03_2020-08-19_ipcp_2020-08-19-20-23-09_0,1597858316991101459,262
ipcp_03_2020-08-19_ipcp_2020-08-19-20-23-09_0,1597858318909205481,263
ipcp_03_2020-08-19_ipcp_2020-08-19-20-23-09_0,1597858320857442070,264
ipcp_03_2020-08-19_ipcp_2020-08-19-20-23-09_0,1597858322729662442,265
ipcp_03_2020-08-19_ipcp_2020-08-19-20-23-09_0,1597858324891507979,266
ipcp_03_2020-08-19_ipcp_2020-08-19-20-23-09_0,1597858326865218924,267
ipcp_03_2020-08-19_ipcp_2020-08-19-20-23-09_0,1597858329025351821,268
ipcp_03_2020-08-19_ipcp_2020-08-19-20-23-09_0,1597858330920043177,269
ipcp_03_2020-08-19_ipcp_2020-08-19-20-23-09_0,1597858333029243625,270
ipcp_03_2020-08-19_ipcp_2020-08-19-20-23-09_0,1597858335053316165,271
ipcp_03_2020-08-19_ipcp_2020-08-19-20-23-09_0,1597858336967551289,272
ipcp_03_2020-08-19_ipcp_2020-08-19-20-23-09_0,1597858338993455325,273
ipcp_03_2020-08-19_ipcp_2020-08-19-20-23-09_0,1597858341071512317,274
ipcp_03_2020-08-19_ipcp_2020-08-19-20-23-09_0,1597858342930441833,275
ipcp_03_2020-08-19_ipcp_2020-08-19-20-23-09_0,1597858344892865782,276
ipcp_03_2020-08-19_ipcp_2020-08-19-20-23-09_0,1597858346886317256,277
ipcp_03_2020-08-19_ipcp_2020-08-19-20-23-09_0,1597858348834205267,278
ipcp_03_2020-08-19_ipcp_2020-08-19-20-23-09_0,1597858350877575108,279
ipcp_03_2020-08-19_ipcp_2020-08-19-20-23-09_0,1597858352916634912,280
ipcp_03_2020-08-19_ipcp_2020-08-19-20-23-09_0,1597858355065466242,281
ipcp_03_2020-08-19_ipcp_2020-08-19-20-23-09_0,1597858357041079185,282
ipcp_03_2020-08-19_ipcp_2020-08-19-20-23-09_0,1597858359031057754,283
ipcp_03_2020-08-19_ipcp_2020-08-19-20-23-09_0,1597858360980257798,284
ipcp_03_2020-08-19_ipcp_2020-08-19-20-23-09_0,1597858362997763828,285
ipcp_03_2020-08-19_ipcp_2020-08-19-20-23-09_0,1597858364961446493,286
ipcp_03_2020-08-19_ipcp_2020-08-19-20-23-09_0,1597858367028295107,287
ipcp_03_2020-08-19_ipcp_2020-08-19-20-23-09_0,1597858369177380244,288
ipcp_03_2020-08-19_ipcp_2020-08-19-20-23-09_0,1597858371093904383,289
ipcp_03_2020-08-19_ipcp_2020-08-19-20-23-09_0,1597858373141590464,290
ipcp_03_2020-08-19_ipcp_2020-08-19-20-23-09_0,1597858375147484916,291
ipcp_03_2020-08-19_ipcp_2020-08-19-20-23-09_0,1597858377070006293,292
ipcp_03_2020-08-19_ipcp_2020-08-19-20-23-09_0,1597858379175746694,293
ipcp_03_2020-08-19_ipcp_2020-08-19-20-23-09_0,1597858381176482853,294
ipcp_03_2020-08-19_ipcp_2020-08-19-20-23-09_0,1597858383343692615,295
ipcp_03_2020-08-19_ipcp_2020-08-19-20-23-09_0,1597858385264835040,296
ipcp_03_2020-08-19_ipcp_2020-08-19-20-23-09_0,1597858387303008504,297
ipcp_03_2020-08-19_ipcp_2020-08-19-20-23-09_0,1597858389291037919,298
ipcp_03_2020-08-19_ipcp_2020-08-19-20-23-09_0,1597858391288719027,299
ipcp_03_2020-08-19_ipcp_2020-08-19-20-23-09_0,1597858393142009787,300
ipcp_03_2020-08-19_ipcp_2020-08-19-20-23-09_0,1597858394976929187,301
ipcp_03_2020-08-19_ipcp_2020-08-19-20-23-09_0,1597858396791287652,302
ipcp_03_2020-08-19_ipcp_2020-08-19-20-23-09_0,1597858398639011600,303
ipcp_03_2020-08-19_ipcp_2020-08-19-20-23-09_0,1597858400625031244,304
ipcp_03_2020-08-19_ipcp_2020-08-19-20-23-09_0,1597858402748773471,305
ipcp_03_2020-08-19_ipcp_2020-08-19-20-23-09_0,1597858404791091671,306
ipcp_03_2020-08-19_ipcp_2020-08-19-20-23-09_0,1597858406903491415,307
ipcp_03_2020-08-19_ipcp_2020-08-19-20-23-09_0,1597858408883498178,308
ipcp_03_2020-08-19_ipcp_2020-08-19-20-23-09_0,1597858411010105937,309
ipcp_03_2020-08-19_ipcp_2020-08-19-20-23-09_0,1597858412897363531,310
ipcp_03_2020-08-19_ipcp_2020-08-19-20-23-09_0,1597858414861812435,311
ipcp_03_2020-08-19_ipcp_2020-08-19-20-23-09_0,1597858417013213551,312
ipcp_03_2020-08-19_ipcp_2020-08-19-20-23-09_0,1597858419057413717,313
ipcp_03_2020-08-19_ipcp_2020-08-19-20-23-09_0,1597858421160759935,314
ipcp_03_2020-08-19_ipcp_2020-08-19-20-23-09_0,1597858423375324868,315
ipcp_03_2020-08-19_ipcp_2020-08-19-20-23-09_0,1597858425270004225,316
ipcp_03_2020-08-19_ipcp_2020-08-19-20-23-09_0,1597858427465461596,317
ipcp_03_2020-08-19_ipcp_2020-08-19-20-23-09_0,1597858429635856691,318
ipcp_03_2020-08-19_ipcp_2020-08-19-20-23-09_0,1597858431769620386,319
ipcp_03_2020-08-19_ipcp_2020-08-19-20-23-09_0,1597858433893905297,320
ipcp_03_2020-08-19_ipcp_2020-08-19-20-23-09_0,1597858435919634766,321
ipcp_03_2020-08-19_ipcp_2020-08-19-20-23-09_0,1597858437771519078,322
ipcp_03_2020-08-19_ipcp_2020-08-19-20-23-09_0,1597858439629438724,323
ipcp_03_2020-08-19_ipcp_2020-08-19-20-23-09_0,1597858441535479646,324
ipcp_03_2020-08-19_ipcp_2020-08-19-20-23-09_0,1597858443547496764,325
ipcp_03_2020-08-19_ipcp_2020-08-19-20-23-09_0,1597858445638640007,326
ipcp_03_2020-08-19_ipcp_2020-08-19-20-23-09_0,1597858447742615001,327
ipcp_03_2020-08-19_ipcp_2020-08-19-20-23-09_0,1597858449801184587,328
ipcp_03_2020-08-19_ipcp_2020-08-19-20-23-09_0,1597858451701658051,329
ipcp_03_2020-08-19_ipcp_2020-08-19-20-23-09_0,1597858453526595488,330
ipcp_03_2020-08-19_ipcp_2020-08-19-20-23-09_0,1597858455393290780,331
ipcp_03_2020-08-19_ipcp_2020-08-19-20-23-09_0,1597858457509338291,332
ipcp_03_2020-08-19_ipcp_2020-08-19-20-23-09_0,1597858459573164226,333
ipcp_03_2020-08-19_ipcp_2020-08-19-20-23-09_0,1597858461697336324,334
ipcp_03_2020-08-19_ipcp_2020-08-19-20-23-09_0,1597858463617121790,335
ipcp_03_2020-08-19_ipcp_2020-08-19-20-23-09_0,1597858465710251681,336
ipcp_03_2020-08-19_ipcp_2020-08-19-20-23-09_0,1597858467565450859,337
ipcp_03_2020-08-19_ipcp_2020-08-19-20-23-09_0,1597858469411415643,338
ipcp_03_2020-08-19_ipcp_2020-08-19-20-23-09_0,1597858471385346135,339
ipcp_03_2020-08-19_ipcp_2020-08-19-20-23-09_0,1597858473361229129,340
ipcp_03_2020-08-19_ipcp_2020-08-19-20-23-09_0,1597858475207710954,341
ipcp_03_2020-08-19_ipcp_2020-08-19-20-23-09_0,1597858477243552308,342
ipcp_03_2020-08-19_ipcp_2020-08-19-20-23-09_0,1597858479205390307,343
ipcp_03_2020-08-19_ipcp_2020-08-19-20-23-09_0,1597858481027256355,344
ipcp_03_2020-08-19_ipcp_2020-08-19-20-23-09_0,1597858483023584318,345
ipcp_03_2020-08-19_ipcp_2020-08-19-20-23-09_0,1597858485005050026,346
ipcp_03_2020-08-19_ipcp_2020-08-19-20-23-09_0,1597858486937210756,347
ipcp_03_2020-08-19_ipcp_2020-08-19-20-23-09_0,1597858488781366191,348
ipcp_03_2020-08-19_ipcp_2020-08-19-20-23-09_0,1597858490877473565,349
ipcp_03_2020-08-19_ipcp_2020-08-19-20-23-09_0,1597858493073238348,350
ipcp_03_2020-08-19_ipcp_2020-08-19-20-23-09_0,1597858495139495314,351
ipcp_03_2020-08-19_ipcp_2020-08-19-20-23-09_0,1597858497253273186,352
ipcp_03_2020-08-19_ipcp_2020-08-19-20-23-09_0,1597858499369282557,353
ipcp_03_2020-08-19_ipcp_2020-08-19-20-23-09_0,1597858501462695056,354
ipcp_03_2020-08-19_ipcp_2020-08-19-20-23-09_0,1597858503557482333,355
ipcp_03_2020-08-19_ipcp_2020-08-19-20-23-09_0,1597858505381928533,356
ipcp_03_2020-08-19_ipcp_2020-08-19-20-23-09_0,1597858507393586940,357
ipcp_03_2020-08-19_ipcp_2020-08-19-20-23-09_0,1597858509507458829,358
ipcp_03_2020-08-19_ipcp_2020-08-19-20-23-09_0,1597858511528832820,359
kalibr_04_2021-01-18_snow_2021-01-18-15-29-39_0,1610972979786929233,0
kalibr_04_2021-01-18_snow_2021-01-18-15-29-39_0,1610972981920386233,1
kalibr_04_2021-01-18_snow_2021-01-18-15-29-39_0,1610972983787105233,2
kalibr_04_2021-01-18_snow_2021-01-18-15-29-39_0,1610972985787197233,3
kalibr_04_2021-01-18_snow_2021-01-18-15-29-39_0,1610972987787414233,4
kalibr_04_2021-01-18_snow_2021-01-18-15-29-39_0,1610972989787524233,5
kalibr_04_2021-01-18_snow_2021-01-18-15-29-39_0,1610972991787596233,6
kalibr_04_2021-01-18_snow_2021-01-18-15-29-39_0,1610972993787689233,7
kalibr_04_2021-01-18_snow_2021-01-18-15-29-39_0,1610972995787782233,8
kalibr_04_2021-01-18_snow_2021-01-18-15-29-39_0,1610972997787998233,9
kalibr_04_2021-01-18_snow_2021-01-18-15-29-39_0,1610972999788089233,10
kalibr_04_2021-01-18_snow_2021-01-18-15-29-39_0,1610973001788179233,11
kalibr_04_2021-01-18_snow_2021-01-18-15-29-39_0,1610973003788275233,12
kalibr_04_2021-01-18_snow_2021-01-18-15-29-39_0,1610973005788363233,13
kalibr_04_2021-01-18_snow_2021-01-18-15-29-39_0,1610973007788580233,14
kalibr_04_2021-01-18_snow_2021-01-18-15-29-39_0,1610973009855309233,15
kalibr_04_2021-01-18_snow_2021-01-18-15-29-39_0,1610973011788764233,16
kalibr_04_2021-01-18_snow_2021-01-18-15-29-39_0,1610973013855605233,17
kalibr_04_2021-01-18_snow_2021-01-18-15-29-39_0,1610973015788946233,18
kalibr_04_2021-01-18_snow_2021-01-18-15-29-39_0,1610973017789162233,19
kalibr_04_2021-01-18_snow_2021-01-18-15-29-39_0,1610973019922627233,20
kalibr_04_2021-01-18_snow_2021-01-18-15-29-39_0,1610973021989345233,21
kalibr_04_2021-01-18_snow_2021-01-18-15-29-39_0,1610973023989434233,22
kalibr_04_2021-01-18_snow_2021-01-18-15-29-39_0,1610973025989523233,23
kalibr_04_2021-01-18_snow_2021-01-18-15-29-39_0,1610973027989743233,24
kalibr_04_2021-01-18_snow_2021-01-18-15-29-39_0,1610973029989834233,25
kalibr_04_2021-01-18_snow_2021-01-18-15-29-39_0,1610973031989922233,26
kalibr_04_2021-01-18_snow_2021-01-18-15-29-39_0,1610973033990015233,27
kalibr_04_2021-01-18_snow_2021-01-18-15-29-39_0,1610973035990106233,28
kalibr_04_2021-01-18_snow_2021-01-18-15-29-39_0,1610973037856950233,29
kalibr_04_2021-01-18_snow_2021-01-18-15-29-39_0,1610973039723667233,30
kalibr_04_2021-01-18_snow_2021-01-18-15-29-39_0,1610973041790508233,31
kalibr_04_2021-01-18_snow_2021-01-18-15-29-39_0,1610973043723991233,32
kalibr_04_2021-01-18_snow_2021-01-18-15-29-39_0,1610973045790690233,33
kalibr_04_2021-01-18_snow_2021-01-18-15-29-39_0,1610973047790909233,34
kalibr_04_2021-01-18_snow_2021-01-18-15-29-39_0,1610973049790997233,35
kalibr_04_2021-01-18_snow_2021-01-18-15-29-39_0,1610973051791090233,36
kalibr_04_2021-01-18_snow_2021-01-18-15-29-39_0,1610973053791181233,37
kalibr_04_2021-01-18_snow_2021-01-18-15-29-39_0,1610973055791271233,38
kalibr_04_2021-01-18_snow_2021-01-18-15-29-39_0,1610973057724739233,39
kalibr_04_2021-01-18_snow_2021-01-18-15-29-39_0,1610973059724837233,40
kalibr_04_2021-01-18_snow_2021-01-18-15-29-39_0,1610973061658296233,41
kalibr_04_2021-01-18_snow_2021-01-18-15-29-39_0,1610973063725136233,42
kalibr_04_2021-01-18_snow_2021-01-18-15-29-39_0,1610973065725230233,43
kalibr_04_2021-01-18_snow_2021-01-18-15-29-39_0,1610973067725317233,44
kalibr_04_2021-01-18_snow_2021-01-18-15-29-39_0,1610973069725411233,45
kalibr_04_2021-01-18_snow_2021-01-18-15-29-39_0,1610973071792249233,46
kalibr_04_2021-01-18_snow_2021-01-18-15-29-39_0,1610973073792342233,47
kalibr_04_2021-01-18_snow_2021-01-18-15-29-39_0,1610973075725810233,48
kalibr_04_2021-01-18_snow_2021-01-18-15-29-39_0,1610973077792648233,49
kalibr_04_2021-01-18_snow_2021-01-18-15-29-39_0,1610973079659367233,50
kalibr_04_2021-01-18_snow_2021-01-18-15-29-39_0,1610973081726206233,51
kalibr_04_2021-01-18_snow_2021-01-18-15-29-39_0,1610973083726296233,52
kalibr_04_2021-01-18_snow_2021-01-18-15-29-39_0,1610973085659765233,53
kalibr_04_2021-01-18_snow_2021-01-18-15-29-39_0,1610973087526482233,54
kalibr_04_2021-01-18_snow_2021-01-18-15-29-39_0,1610973089593324233,55
kalibr_04_2021-01-18_snow_2021-01-18-15-29-39_0,1610973091526664233,56
kalibr_04_2021-01-18_snow_2021-01-18-15-29-39_0,1610973093593519233,57
kalibr_04_2021-01-18_snow_2021-01-18-15-29-39_0,1610973095526970233,58
kalibr_04_2021-01-18_snow_2021-01-18-15-29-39_0,1610973097593687233,59
kalibr_04_2021-01-18_snow_2021-01-18-15-29-39_0,1610973099527153233,60
kalibr_04_2021-01-18_snow_2021-01-18-15-29-39_0,1610973101527243233,61
kalibr_04_2021-01-18_snow_2021-01-18-15-29-39_0,1610973103527458233,62
kalibr_04_2021-01-18_snow_2021-01-18-15-29-39_0,1610973105527549233,63
kalibr_04_2021-01-18_snow_2021-01-18-15-29-39_0,1610973107527639233,64
kalibr_04_2021-01-18_snow_2021-01-18-15-29-39_0,1610973109527730233,65
kalibr_04_2021-01-18_snow_2021-01-18-15-29-39_0,1610973111527821233,66
kalibr_04_2021-01-18_snow_2021-01-18-15-29-39_0,1610973113528037233,67
kalibr_04_2021-01-18_snow_2021-01-18-15-29-39_0,1610973115528127233,68
kalibr_04_2021-01-18_snow_2021-01-18-15-29-39_0,1610973117528217233,69
kalibr_04_2021-01-18_snow_2021-01-18-15-29-39_0,1610973119528308233,70
kalibr_04_2021-01-18_snow_2021-01-18-15-29-39_0,1610973121528399233,71
kalibr_04_2021-01-18_snow_2021-01-18-15-29-39_0,1610973123395242233,72
kalibr_04_2021-01-18_snow_2021-01-18-15-29-39_0,1610973125328710233,73
kalibr_04_2021-01-18_snow_2021-01-18-15-29-39_0,1610973129328890233,74
kalibr_04_2021-01-18_snow_2021-01-18-15-29-39_0,1610973131395736233,75
kalibr_04_2021-01-18_snow_2021-01-18-15-29-39_0,1610973133329072233,76
kalibr_04_2021-01-18_snow_2021-01-18-15-29-39_0,1610973135262537233,77
kalibr_04_2021-01-18_snow_2021-01-18-15-29-39_0,1610973137262630233,78
kalibr_04_2021-01-18_snow_2021-01-18-15-29-39_0,1610973139329468233,79
kalibr_04_2021-01-18_snow_2021-01-18-15-29-39_0,1610973141329558233,80
kalibr_04_2021-01-18_snow_2021-01-18-15-29-39_0,1610973143263035233,81
kalibr_04_2021-01-18_snow_2021-01-18-15-29-39_0,1610973145329865233,82
kalibr_04_2021-01-18_snow_2021-01-18-15-29-39_0,1610973147263209233,83
kalibr_04_2021-01-18_snow_2021-01-18-15-29-39_0,1610973149330050233,84
kalibr_04_2021-01-18_snow_2021-01-18-15-29-39_0,1610973151330138233,85
kalibr_04_2021-01-18_snow_2021-01-18-15-29-39_0,1610973153396977233,86
kalibr_04_2021-01-18_snow_2021-01-18-15-29-39_0,1610973155263693233,87
kalibr_04_2021-01-18_snow_2021-01-18-15-29-39_0,1610973157330532233,88
kalibr_04_2021-01-18_snow_2021-01-18-15-29-39_0,1610973159263998233,89
kalibr_04_2021-01-18_snow_2021-01-18-15-29-39_0,1610973161130716233,90
kalibr_04_2021-01-18_snow_2021-01-18-15-29-39_0,1610973163130806233,91
kalibr_04_2021-01-18_snow_2021-01-18-15-29-39_0,1610973165130896233,92
kalibr_04_2021-01-18_snow_2021-01-18-15-29-39_0,1610973167131113233,93
kalibr_04_2021-01-18_snow_2021-01-18-15-29-39_0,1610973169064603233,94
kalibr_04_2021-01-18_snow_2021-01-18-15-29-39_0,1610973171064676233,95
kalibr_04_2021-01-18_snow_2021-01-18-15-29-39_0,1610973173131383233,96
kalibr_04_2021-01-18_snow_2021-01-18-15-29-39_0,1610973175131473233,97
kalibr_04_2021-01-18_snow_2021-01-18-15-29-39_0,1610973177198313233,98
kalibr_04_2021-01-18_snow_2021-01-18-15-29-39_0,1610973179131780233,99
kalibr_04_2021-01-18_snow_2021-01-18-15-29-39_0,1610973181131870233,100
kalibr_04_2021-01-18_snow_2021-01-18-15-29-39_0,1610973183198714233,101
kalibr_04_2021-01-18_snow_2021-01-18-15-29-39_0,1610973185132050233,102
kalibr_04_2021-01-18_snow_2021-01-18-15-29-39_0,1610973187132265233,103
kalibr_04_2021-01-18_snow_2021-01-18-15-29-39_0,1610973189132355233,104
kalibr_04_2021-01-18_snow_2021-01-18-15-29-39_0,1610973191132446233,105
kalibr_04_2021-01-18_snow_2021-01-18-15-29-39_0,1610973193132535233,106
kalibr_04_2021-01-18_snow_2021-01-18-15-29-39_0,1610973195199383233,107
kalibr_04_2021-01-18_snow_2021-01-18-15-29-39_0,1610973197132846233,108
kalibr_04_2021-01-18_snow_2021-01-18-15-29-39_0,1610973199132931233,109
kalibr_04_2021-01-18_snow_2021-01-18-15-29-39_0,1610973200933028233,110
kalibr_04_2021-01-18_snow_2021-01-18-15-29-39_0,1610973202866492233,111
kalibr_04_2021-01-18_snow_2021-01-18-15-29-39_0,1610973204999953233,112
kalibr_04_2021-01-18_snow_2021-01-18-15-29-39_0,1610973206933307233,113
kalibr_04_2021-01-18_snow_2021-01-18-15-29-39_0,1610973208866761233,114
kalibr_04_2021-01-18_snow_2021-01-18-15-29-39_0,1610973210933602233,115
kalibr_04_2021-01-18_snow_2021-01-18-15-29-39_0,1610973212867069233,116
kalibr_04_2021-01-18_snow_2021-01-18-15-29-39_0,1610973214733792233,117
kalibr_04_2021-01-18_snow_2021-01-18-15-29-39_0,1610973216667254233,118
kalibr_04_2021-01-18_snow_2021-01-18-15-29-39_0,1610973218734089233,119
kalibr_04_2021-01-18_snow_2021-01-18-15-29-39_0,1610973220734180233,120
kalibr_04_2021-01-18_snow_2021-01-18-15-29-39_0,1610973222734275233,121
kalibr_04_2021-01-18_snow_2021-01-18-15-29-39_0,1610973224667735233,122
kalibr_04_2021-01-18_snow_2021-01-18-15-29-39_0,1610973226734472233,123
kalibr_04_2021-01-18_snow_2021-01-18-15-29-39_0,1610973228734667233,124
kalibr_04_2021-01-18_snow_2021-01-18-15-29-39_0,1610973230734754233,125
kalibr_04_2021-01-18_snow_2021-01-18-15-29-39_0,1610973232734846233,126
kalibr_04_2021-01-18_snow_2021-01-18-15-29-39_0,1610973234734936233,127
kalibr_04_2021-01-18_snow_2021-01-18-15-29-39_0,1610973236668401233,128
kalibr_04_2021-01-18_snow_2021-01-18-15-29-39_0,1610973238735238233,129
kalibr_04_2021-01-18_snow_2021-01-18-15-29-39_0,1610973240735329233,130
kalibr_04_2021-01-18_snow_2021-01-18-15-29-39_0,1610973242735423233,131
kalibr_04_2021-01-18_snow_2021-01-18-15-29-39_0,1610973244735508233,132
kalibr_04_2021-01-18_snow_2021-01-18-15-29-39_0,1610973246735603233,133
kalibr_04_2021-01-18_snow_2021-01-18-15-29-39_0,1610973248735818233,134
kalibr_04_2021-01-18_snow_2021-01-18-15-29-39_0,1610973250735902233,135
kalibr_04_2021-01-18_snow_2021-01-18-15-29-39_0,1610973252802617233,136
kalibr_04_2021-01-18_snow_2021-01-18-15-29-39_0,1610973254736085233,137
kalibr_04_2021-01-18_snow_2021-01-18-15-29-39_0,1610973256736181233,138
kalibr_04_2021-01-18_snow_2021-01-18-15-29-39_0,1610973258669639233,139
kalibr_04_2021-01-18_snow_2021-01-18-15-29-39_0,1610973260603151233,140
kalibr_04_2021-01-18_snow_2021-01-18-15-29-39_0,1610973262536577233,141
kalibr_04_2021-01-18_snow_2021-01-18-15-29-39_0,1610973264536659233,142
kalibr_04_2021-01-18_snow_2021-01-18-15-29-39_0,1610973266536749233,143
kalibr_04_2021-01-18_snow_2021-01-18-15-29-39_0,1610973268403591233,144
kalibr_04_2021-01-18_snow_2021-01-18-15-29-39_0,1610973270336937233,145
kalibr_04_2021-01-18_snow_2021-01-18-15-29-39_0,1610973272337148233,146
kalibr_04_2021-01-18_snow_2021-01-18-15-29-39_0,1610973274337237233,147
kalibr_04_2021-01-18_snow_2021-01-18-15-29-39_0,1610973276337327233,148
kalibr_04_2021-01-18_snow_2021-01-18-15-29-39_0,1610973278337416233,149
kalibr_04_2021-01-18_snow_2021-01-18-15-29-39_0,1610973280337508233,150
kalibr_04_2021-01-18_snow_2021-01-18-15-29-39_0,1610973282270974233,151
kalibr_04_2021-01-18_snow_2021-01-18-15-29-39_0,1610973284337810233,152
kalibr_04_2021-01-18_snow_2021-01-18-15-29-39_0,1610973286271277233,153
kalibr_04_2021-01-18_snow_2021-01-18-15-29-39_0,1610973288337992233,154
kalibr_04_2021-01-18_snow_2021-01-18-15-37-39_0,1610973460147809233,0
kalibr_04_2021-01-18_snow_2021-01-18-15-37-39_0,1610973462147886233,1
kalibr_04_2021-01-18_snow_2021-01-18-15-37-39_0,1610973464081350233,2
kalibr_04_2021-01-18_snow_2021-01-18-15-37-39_0,1610973466148189233,3
kalibr_04_2021-01-18_snow_2021-01-18-15-37-39_0,1610973468148277233,4
kalibr_04_2021-01-18_snow_2021-01-18-15-37-39_0,1610973470148366233,5
kalibr_04_2021-01-18_snow_2021-01-18-15-37-39_0,1610973472148461233,6
kalibr_04_2021-01-18_snow_2021-01-18-15-37-39_0,1610973474148544233,7
kalibr_04_2021-01-18_snow_2021-01-18-15-37-39_0,1610973476148760233,8
kalibr_04_2021-01-18_snow_2021-01-18-15-37-39_0,1610973478148849233,9
kalibr_04_2021-01-18_snow_2021-01-18-15-37-39_0,1610973480148936233,10
kalibr_04_2021-01-18_snow_2021-01-18-15-37-39_0,1610973482149027233,11
kalibr_04_2021-01-18_snow_2021-01-18-15-37-39_0,1610973484149113233,12
kalibr_04_2021-01-18_snow_2021-01-18-15-37-39_0,1610973486149202233,13
kalibr_04_2021-01-18_snow_2021-01-18-15-37-39_0,1610973488149416233,14
kalibr_04_2021-01-18_snow_2021-01-18-15-37-39_0,1610973490149505233,15
kalibr_04_2021-01-18_snow_2021-01-18-15-37-39_0,1610973492149593233,16
kalibr_04_2021-01-18_snow_2021-01-18-15-37-39_0,1610973494149683233,17
kalibr_04_2021-01-18_snow_2021-01-18-15-37-39_0,1610973496149771233,18
kalibr_04_2021-01-18_snow_2021-01-18-15-37-39_0,1610973498216618233,19
kalibr_04_2021-01-18_snow_2021-01-18-15-37-39_0,1610973500150074233,20
kalibr_04_2021-01-18_snow_2021-01-18-15-37-39_0,1610973502150162233,21
kalibr_04_2021-01-18_snow_2021-01-18-15-37-39_0,1610973504150252233,22
kalibr_04_2021-01-18_snow_2021-01-18-15-37-39_0,1610973506150341233,23
kalibr_04_2021-01-18_snow_2021-01-18-15-37-39_0,1610973508150554233,24
kalibr_04_2021-01-18_snow_2021-01-18-15-37-39_0,1610973510150645233,25
kalibr_04_2021-01-18_snow_2021-01-18-15-37-39_0,1610973512150733233,26
kalibr_04_2021-01-18_snow_2021-01-18-15-37-39_0,1610973514284196233,27
kalibr_04_2021-01-18_snow_2021-01-18-15-37-39_0,1610973516351038233,28
kalibr_04_2021-01-18_snow_2021-01-18-15-37-39_0,1610973518351122233,29
kalibr_04_2021-01-18_snow_2021-01-18-15-37-39_0,1610973520351213233,30
kalibr_04_2021-01-18_snow_2021-01-18-15-37-39_0,1610973522351296233,31
kalibr_04_2021-01-18_snow_2021-01-18-15-37-39_0,1610973524351385233,32
kalibr_04_2021-01-18_snow_2021-01-18-15-37-39_0,1610973526351600233,33
kalibr_04_2021-01-18_snow_2021-01-18-15-37-39_0,1610973528351687233,34
kalibr_04_2021-01-18_snow_2021-01-18-15-37-39_0,1610973530351781233,35
kalibr_04_2021-01-18_snow_2021-01-18-15-37-39_0,1610973532351868233,36
kalibr_04_2021-01-18_snow_2021-01-18-15-37-39_0,1610973534351954233,37
kalibr_04_2021-01-18_snow_2021-01-18-15-37-39_0,1610973536352168233,38
kalibr_04_2021-01-18_snow_2021-01-18-15-37-39_0,1610973538352256233,39
kalibr_04_2021-01-18_snow_2021-01-18-15-37-39_0,1610973540352345233,40
kalibr_04_2021-01-18_snow_2021-01-18-15-37-39_0,1610973542352435233,41
kalibr_04_2021-01-18_snow_2021-01-18-15-37-39_0,1610973544352527233,42
kalibr_04_2021-01-18_snow_2021-01-18-15-37-39_0,1610973546352611233,43
kalibr_04_2021-01-18_snow_2021-01-18-15-37-39_0,1610973548419450233,44
kalibr_04_2021-01-18_snow_2021-01-18-15-37-39_0,1610973550352916233,45
kalibr_04_2021-01-18_snow_2021-01-18-15-37-39_0,1610973552353001233,46
kalibr_04_2021-01-18_snow_2021-01-18-15-37-39_0,1610973554353090233,47
kalibr_04_2021-01-18_snow_2021-01-18-15-37-39_0,1610973556286556233,48
kalibr_04_2021-01-18_snow_2021-01-18-15-37-39_0,1610973558353398233,49
kalibr_04_2021-01-18_snow_2021-01-18-15-37-39_0,1610973560353486233,50
kalibr_04_2021-01-18_snow_2021-01-18-15-37-39_0,1610973562353569233,51
kalibr_04_2021-01-18_snow_2021-01-18-15-37-39_0,1610973564353659233,52
kalibr_04_2021-01-18_snow_2021-01-18-15-37-39_0,1610973566420496233,53
kalibr_04_2021-01-18_snow_2021-01-18-15-37-39_0,1610973568487209233,54
kalibr_04_2021-01-18_snow_2021-01-18-15-37-39_0,1610973570554047233,55
kalibr_04_2021-01-18_snow_2021-01-18-15-37-39_0,1610973572554134233,56
kalibr_04_2021-01-18_snow_2021-01-18-15-37-39_0,1610973574554223233,57
kalibr_04_2021-01-18_snow_2021-01-18-15-37-39_0,1610973576554437233,58
kalibr_04_2021-01-18_snow_2021-01-18-15-37-39_0,1610973578554528233,59
kalibr_04_2021-01-18_snow_2021-01-18-15-37-39_0,1610973580754609233,60
kalibr_04_2021-01-18_snow_2021-01-18-15-37-39_0,1610973582754699233,61
kalibr_04_2021-01-18_snow_2021-01-18-15-37-39_0,1610973584754788233,62
kalibr_04_2021-01-18_snow_2021-01-18-15-37-39_0,1610973586755002233,63
kalibr_04_2021-01-18_snow_2021-01-18-15-37-39_0,1610973588755090233,64
kalibr_04_2021-01-18_snow_2021-01-18-15-37-39_0,1610973590755178233,65
kalibr_04_2021-01-18_snow_2021-01-18-15-37-39_0,1610973592621895233,66
kalibr_04_2021-01-18_snow_2021-01-18-15-37-39_0,1610973594555359233,67
kalibr_04_2021-01-18_snow_2021-01-18-15-37-39_0,1610973596488827233,68
kalibr_04_2021-01-18_snow_2021-01-18-15-37-39_0,1610973598555661233,69
kalibr_04_2021-01-18_snow_2021-01-18-15-37-39_0,1610973600555752233,70
kalibr_04_2021-01-18_snow_2021-01-18-15-37-39_0,1610973602555840233,71
kalibr_04_2021-01-18_snow_2021-01-18-15-37-39_0,1610973604555929233,72
kalibr_04_2021-01-18_snow_2021-01-18-15-37-39_0,1610973606556020233,73
kalibr_04_2021-01-18_snow_2021-01-18-15-37-39_0,1610973608556229233,74
kalibr_04_2021-01-18_snow_2021-01-18-15-37-39_0,1610973610556321233,75
kalibr_04_2021-01-18_snow_2021-01-18-15-37-39_0,1610973612556408233,76
kalibr_04_2021-01-18_snow_2021-01-18-15-37-39_0,1610973614423251233,77
kalibr_04_2021-01-18_snow_2021-01-18-15-37-39_0,1610973616356585233,78
kalibr_04_2021-01-18_snow_2021-01-18-15-37-39_0,1610973618356802233,79
kalibr_04_2021-01-18_snow_2021-01-18-15-37-39_0,1610973620356892233,80
kalibr_04_2021-01-18_snow_2021-01-18-15-37-39_0,1610973622356979233,81
kalibr_04_2021-01-18_snow_2021-01-18-15-37-39_0,1610973624357064233,82
kalibr_04_2021-01-18_snow_2021-01-18-15-37-39_0,1610973626357154233,83
kalibr_04_2021-01-18_snow_2021-01-18-15-37-39_0,1610973628357374233,84
kalibr_04_2021-01-18_snow_2021-01-18-15-37-39_0,1610973630357455233,85
kalibr_04_2021-01-18_snow_2021-01-18-15-37-39_0,1610973632357548233,86
kalibr_04_2021-01-18_snow_2021-01-18-15-37-39_0,1610973634357632233,87
kalibr_04_2021-01-18_snow_2021-01-18-15-37-39_0,1610973636357720233,88
kalibr_04_2021-01-18_snow_2021-01-18-15-37-39_0,1610973638357935233,89
kalibr_04_2021-01-18_snow_2021-01-18-15-37-39_0,1610973640358022233,90
kalibr_04_2021-01-18_snow_2021-01-18-15-37-39_0,1610973642358114233,91
kalibr_04_2021-01-18_snow_2021-01-18-15-37-39_0,1610973644358199233,92
kalibr_04_2021-01-18_snow_2021-01-18-15-37-39_0,1610973646358290233,93
kalibr_04_2021-01-18_snow_2021-01-18-15-37-39_0,1610973648358375233,94
kalibr_04_2021-01-18_snow_2021-01-18-15-37-39_0,1610973650358589233,95
kalibr_04_2021-01-18_snow_2021-01-18-15-37-39_0,1610973652291928233,96
kalibr_04_2021-01-18_snow_2021-01-18-15-37-39_0,1610973654358772233,97
kalibr_04_2021-01-18_snow_2021-01-18-15-37-39_0,1610973656358856233,98
kalibr_04_2021-01-18_snow_2021-01-18-15-37-39_0,1610973658425697233,99
kalibr_04_2021-01-18_snow_2021-01-18-15-37-39_0,1610973660425781233,100
kalibr_04_2021-01-18_snow_2021-01-18-15-37-39_0,1610973662359248233,101
kalibr_04_2021-01-18_snow_2021-01-18-15-37-39_0,1610973664359333233,102
kalibr_04_2021-01-18_snow_2021-01-18-15-37-39_0,1610973666359420233,103
kalibr_04_2021-01-18_snow_2021-01-18-15-37-39_0,1610973668359516233,104
kalibr_04_2021-01-18_snow_2021-01-18-15-37-39_0,1610973670359722233,105
kalibr_04_2021-01-18_snow_2021-01-18-15-37-39_0,1610973672359811233,106
kalibr_04_2021-01-18_snow_2021-01-18-15-37-39_0,1610973674293278233,107
kalibr_04_2021-01-18_snow_2021-01-18-15-37-39_0,1610973676293366233,108
kalibr_04_2021-01-18_snow_2021-01-18-15-37-39_0,1610973678360077233,109
kalibr_04_2021-01-18_snow_2021-01-18-15-37-39_0,1610973680360294233,110
kalibr_04_2021-01-18_snow_2021-01-18-15-37-39_0,1610973682360386233,111
kalibr_04_2021-01-18_snow_2021-01-18-15-37-39_0,1610973684360467233,112
kalibr_04_2021-01-18_snow_2021-01-18-15-37-39_0,1610973686360554233,113
kalibr_04_2021-01-18_snow_2021-01-18-15-37-39_0,1610973688360641233,114
kalibr_04_2021-01-18_snow_2021-01-18-15-37-39_0,1610973690360855233,115
kalibr_04_2021-01-18_snow_2021-01-18-15-37-39_0,1610973692360947233,116
kalibr_04_2021-01-18_snow_2021-01-18-15-37-39_0,1610973694361032233,117
kalibr_04_2021-01-18_snow_2021-01-18-15-37-39_0,1610973696361120233,118
kalibr_04_2021-01-18_snow_2021-01-18-15-37-39_0,1610973698361209233,119
kalibr_04_2021-01-18_snow_2021-01-18-15-37-39_0,1610973700361423233,120
kalibr_04_2021-01-18_snow_2021-01-18-15-37-39_0,1610973702361509233,121
kalibr_04_2021-01-18_snow_2021-01-18-15-37-39_0,1610973704361597233,122
kalibr_04_2021-01-18_snow_2021-01-18-15-37-39_0,1610973706361687233,123
kalibr_04_2021-01-18_snow_2021-01-18-15-37-39_0,1610973708361783233,124
kalibr_04_2021-01-18_snow_2021-01-18-15-37-39_0,1610973710361989233,125
kalibr_04_2021-01-18_snow_2021-01-18-15-37-39_0,1610973712428700233,126
kalibr_04_2021-01-18_snow_2021-01-18-15-37-39_0,1610973714295540233,127
kalibr_04_2021-01-18_snow_2021-01-18-15-37-39_0,1610973716362270233,128
kalibr_04_2021-01-18_snow_2021-01-18-15-37-39_0,1610973718362342233,129
kalibr_04_2021-01-18_snow_2021-01-18-15-37-39_0,1610973720362555233,130
kalibr_04_2021-01-18_snow_2021-01-18-15-37-39_0,1610973722362643233,131
kalibr_04_2021-01-18_snow_2021-01-18-15-37-39_0,1610973724362733233,132
kalibr_04_2021-01-18_snow_2021-01-18-15-37-39_0,1610973726362818233,133
kalibr_04_2021-01-18_snow_2021-01-18-15-37-39_0,1610973728362907233,134
kalibr_04_2021-01-18_snow_2021-01-18-15-37-39_0,1610973730363124233,135
kalibr_04_2021-01-18_snow_2021-01-18-15-37-39_0,1610973732296464233,136
kalibr_04_2021-01-18_snow_2021-01-18-15-37-39_0,1610973734363298233,137
kalibr_04_2021-01-18_snow_2021-01-18-15-37-39_0,1610973736363385233,138
kalibr_04_2021-01-18_snow_2021-01-18-15-37-39_0,1610973738363472233,139
kalibr_04_2021-01-18_snow_2021-01-18-15-37-39_0,1610973740363562233,140
kalibr_04_2021-01-18_snow_2021-01-18-15-37-39_0,1610973742363776233,141
kalibr_04_2021-01-18_snow_2021-01-18-15-37-39_0,1610973744363873233,142
kalibr_04_2021-01-18_snow_2021-01-18-15-37-39_0,1610973746363950233,143
kalibr_04_2021-01-18_snow_2021-01-18-15-37-39_0,1610973748364039233,144
kalibr_04_2021-01-18_snow_2021-01-18-15-37-39_0,1610973750364126233,145
kalibr_04_2021-01-18_snow_2021-01-18-15-37-39_0,1610973752364340233,146
kalibr_04_2021-01-18_snow_2021-01-18-15-37-39_0,1610973754364427233,147
kalibr_04_2021-01-18_snow_2021-01-18-15-37-39_0,1610973756364516233,148
kalibr_04_2021-01-18_snow_2021-01-18-15-37-39_0,1610973758364606233,149
kalibr_04_2021-01-18_snow_2021-01-18-15-37-39_0,1610973760364693233,150
kalibr_04_2021-01-18_snow_2021-01-18-15-37-39_0,1610973762364907233,151
kalibr_04_2021-01-18_snow_2021-01-18-15-37-39_0,1610973764364997233,152
kapotnya_02_2020-02-26_kapotnya_2020-02-26-15-34-18_0,1582720458542689117,0
kapotnya_02_2020-02-26_kapotnya_2020-02-26-15-34-18_0,1582720460528180973,1
kapotnya_02_2020-02-26_kapotnya_2020-02-26-15-34-18_0,1582720462528182301,2
kapotnya_02_2020-02-26_kapotnya_2020-02-26-15-34-18_0,1582720464552793247,3
kapotnya_02_2020-02-26_kapotnya_2020-02-26-15-34-18_0,1582720466552763436,4
kapotnya_02_2020-02-26_kapotnya_2020-02-26-15-34-18_0,1582720468552762744,5
kapotnya_02_2020-02-26_kapotnya_2020-02-26-15-34-18_0,1582720470552763500,6
kapotnya_02_2020-02-26_kapotnya_2020-02-26-15-34-18_0,1582720472552775643,7
kapotnya_02_2020-02-26_kapotnya_2020-02-26-15-34-18_0,1582720474552753305,8
kapotnya_02_2020-02-26_kapotnya_2020-02-26-15-34-18_0,1582720476552766302,9
kapotnya_02_2020-02-26_kapotnya_2020-02-26-15-34-18_0,1582720478552793690,10
kapotnya_02_2020-02-26_kapotnya_2020-02-26-15-34-18_0,1582720480552761901,11
kapotnya_02_2020-02-26_kapotnya_2020-02-26-15-34-18_0,1582720482552793899,12
kapotnya_02_2020-02-26_kapotnya_2020-02-26-15-34-18_0,1582720484552794102,13
kapotnya_02_2020-02-26_kapotnya_2020-02-26-15-34-18_0,1582720486552764602,14
kapotnya_02_2020-02-26_kapotnya_2020-02-26-15-34-18_0,1582720488552800100,15
kapotnya_02_2020-02-26_kapotnya_2020-02-26-15-34-18_0,1582720490552760839,16
kapotnya_02_2020-02-26_kapotnya_2020-02-26-15-34-18_0,1582720492552764968,17
kapotnya_02_2020-02-26_kapotnya_2020-02-26-15-34-18_0,1582720494638563805,18
kapotnya_02_2020-02-26_kapotnya_2020-02-26-15-34-18_0,1582720496556207395,19
kapotnya_02_2020-02-26_kapotnya_2020-02-26-15-34-18_0,1582720498524615307,20
kapotnya_02_2020-02-26_kapotnya_2020-02-26-15-34-18_0,1582720500585204482,21
kapotnya_02_2020-02-26_kapotnya_2020-02-26-15-34-18_0,1582720502585210646,22
kapotnya_02_2020-02-26_kapotnya_2020-02-26-15-34-18_0,1582720504585203549,23
kapotnya_02_2020-02-26_kapotnya_2020-02-26-15-34-18_0,1582720506585200253,24
kapotnya_02_2020-02-26_kapotnya_2020-02-26-15-34-18_0,1582720508622899328,25
kapotnya_02_2020-02-26_kapotnya_2020-02-26-15-34-18_0,1582720510585204390,26
kapotnya_02_2020-02-26_kapotnya_2020-02-26-15-34-18_0,1582720512585208644,27
kapotnya_02_2020-02-26_kapotnya_2020-02-26-15-34-18_0,1582720514585210364,28
kapotnya_02_2020-02-26_kapotnya_2020-02-26-15-34-18_0,1582720516585172462,29
kapotnya_02_2020-02-26_kapotnya_2020-02-26-15-34-18_0,1582720518585183196,30
kapotnya_02_2020-02-26_kapotnya_2020-02-26-15-34-18_0,1582720520585210678,31
kapotnya_02_2020-02-26_kapotnya_2020-02-26-15-34-18_0,1582720522585211039,32
kapotnya_02_2020-02-26_kapotnya_2020-02-26-15-34-18_0,1582720524585174595,33
kapotnya_02_2020-02-26_kapotnya_2020-02-26-15-34-18_0,1582720526585202401,34
kapotnya_02_2020-02-26_kapotnya_2020-02-26-15-34-18_0,1582720528585171184,35
kapotnya_02_2020-02-26_kapotnya_2020-02-26-15-34-18_0,1582720530559144552,36
kapotnya_02_2020-02-26_kapotnya_2020-02-26-15-34-18_0,1582720532585171611,37
kapotnya_02_2020-02-26_kapotnya_2020-02-26-15-34-18_0,1582720534585173976,38
kapotnya_02_2020-02-26_kapotnya_2020-02-26-15-34-18_0,1582720536585174025,39
kapotnya_02_2020-02-26_kapotnya_2020-02-26-15-34-18_0,1582720538539304633,40
kapotnya_02_2020-02-26_kapotnya_2020-02-26-15-34-18_0,1582720540585209391,41
kapotnya_02_2020-02-26_kapotnya_2020-02-26-15-34-18_0,1582720542585208380,42
kapotnya_02_2020-02-26_kapotnya_2020-02-26-15-34-18_0,1582720544585174970,43
kapotnya_02_2020-02-26_kapotnya_2020-02-26-15-34-18_0,1582720546585173878,44
kapotnya_02_2020-02-26_kapotnya_2020-02-26-15-34-18_0,1582720548585206358,45
kapotnya_02_2020-02-26_kapotnya_2020-02-26-15-34-18_0,1582720550680828648,46
kapotnya_02_2020-02-26_kapotnya_2020-02-26-15-34-18_0,1582720552680802543,47
kapotnya_02_2020-02-26_kapotnya_2020-02-26-15-34-18_0,1582720554680805225,48
kapotnya_02_2020-02-26_kapotnya_2020-02-26-15-34-18_0,1582720556680804833,49
kapotnya_02_2020-02-26_kapotnya_2020-02-26-15-34-18_0,1582720558680819430,50
kapotnya_02_2020-02-26_kapotnya_2020-02-26-15-34-18_0,1582720560680831411,51
kapotnya_02_2020-02-26_kapotnya_2020-02-26-15-34-18_0,1582720562680799921,52
kapotnya_02_2020-02-26_kapotnya_2020-02-26-15-34-18_0,1582720564835732308,53
kapotnya_02_2020-02-26_kapotnya_2020-02-26-15-34-18_0,1582720566747453918,54
kapotnya_02_2020-02-26_kapotnya_2020-02-26-15-34-18_0,1582720568747481413,55
kapotnya_02_2020-02-26_kapotnya_2020-02-26-15-34-18_0,1582720570747452547,56
kapotnya_02_2020-02-26_kapotnya_2020-02-26-15-34-18_0,1582720572747488548,57
kapotnya_02_2020-02-26_kapotnya_2020-02-26-15-34-18_0,1582720574747449443,58
kapotnya_02_2020-02-26_kapotnya_2020-02-26-15-34-18_0,1582720576747450855,59
kapotnya_02_2020-02-26_kapotnya_2020-02-26-15-34-18_0,1582720578747484893,60
kapotnya_02_2020-02-26_kapotnya_2020-02-26-15-34-18_0,1582720580747449598,61
kapotnya_02_2020-02-26_kapotnya_2020-02-26-15-34-18_0,1582720582747484975,62
kapotnya_02_2020-02-26_kapotnya_2020-02-26-15-34-18_0,1582720584747455343,63
kapotnya_02_2020-02-26_kapotnya_2020-02-26-15-34-18_0,1582720586747476688,64
kapotnya_02_2020-02-26_kapotnya_2020-02-26-15-34-18_0,1582720588747449778,65
kapotnya_02_2020-02-26_kapotnya_2020-02-26-15-34-18_0,1582720590747475534,66
kapotnya_02_2020-02-26_kapotnya_2020-02-26-15-34-18_0,1582720592747476812,67
kapotnya_02_2020-02-26_kapotnya_2020-02-26-15-34-18_0,1582720594747453886,68
kapotnya_02_2020-02-26_kapotnya_2020-02-26-15-34-18_0,1582720596747451861,69
kapotnya_02_2020-02-26_kapotnya_2020-02-26-15-34-18_0,1582720598747486560,70
kapotnya_02_2020-02-26_kapotnya_2020-02-26-15-34-18_0,1582720600747466017,71
kapotnya_02_2020-02-26_kapotnya_2020-02-26-15-34-18_0,1582720602747450258,72
kapotnya_02_2020-02-26_kapotnya_2020-02-26-15-34-18_0,1582720604747450409,73
kapotnya_02_2020-02-26_kapotnya_2020-02-26-15-34-18_0,1582720606747451818,74
kapotnya_02_2020-02-26_kapotnya_2020-02-26-15-34-18_0,1582720608747484477,75
kapotnya_02_2020-02-26_kapotnya_2020-02-26-15-34-18_0,1582720610747481040,76
kapotnya_02_2020-02-26_kapotnya_2020-02-26-15-34-18_0,1582720612747451361,77
kapotnya_02_2020-02-26_kapotnya_2020-02-26-15-34-18_0,1582720614747449780,78
kapotnya_02_2020-02-26_kapotnya_2020-02-26-15-34-18_0,1582720616747476737,79
kapotnya_02_2020-02-26_kapotnya_2020-02-26-15-34-18_0,1582720618747451144,80
kapotnya_02_2020-02-26_kapotnya_2020-02-26-15-34-18_0,1582720620678960063,81
kapotnya_02_2020-02-26_kapotnya_2020-02-26-15-34-18_0,1582720622678928865,82
kapotnya_02_2020-02-26_kapotnya_2020-02-26-15-34-18_0,1582720624678930001,83
kapotnya_02_2020-02-26_kapotnya_2020-02-26-15-34-18_0,1582720626678966732,84
kapotnya_02_2020-02-26_kapotnya_2020-02-26-15-34-18_0,1582720628678927772,85
kapotnya_02_2020-02-26_kapotnya_2020-02-26-15-34-18_0,1582720630678957818,86
kapotnya_02_2020-02-26_kapotnya_2020-02-26-15-34-18_0,1582720632678963479,87
kapotnya_02_2020-02-26_kapotnya_2020-02-26-15-34-18_0,1582720634678961717,88
kapotnya_02_2020-02-26_kapotnya_2020-02-26-15-34-18_0,1582720636678977098,89
kapotnya_02_2020-02-26_kapotnya_2020-02-26-15-34-18_0,1582720638678928787,90
kapotnya_02_2020-02-26_kapotnya_2020-02-26-15-34-18_0,1582720640678963051,91
kapotnya_02_2020-02-26_kapotnya_2020-02-26-15-34-18_0,1582720642678932646,92
kapotnya_02_2020-02-26_kapotnya_2020-02-26-15-34-18_0,1582720644678960173,93
kapotnya_02_2020-02-26_kapotnya_2020-02-26-15-34-18_0,1582720646689675259,94
kapotnya_02_2020-02-26_kapotnya_2020-02-26-15-34-18_0,1582720648689761494,95
kapotnya_02_2020-02-26_kapotnya_2020-02-26-15-34-18_0,1582720650689763354,96
kapotnya_02_2020-02-26_kapotnya_2020-02-26-15-34-18_0,1582720652689764335,97
kapotnya_02_2020-02-26_kapotnya_2020-02-26-15-34-18_0,1582720654689765990,98
kapotnya_02_2020-02-26_kapotnya_2020-02-26-15-34-18_0,1582720656689768272,99
kapotnya_02_2020-02-26_kapotnya_2020-02-26-15-34-18_0,1582720658689731023,100
kapotnya_02_2020-02-26_kapotnya_2020-02-26-15-34-18_0,1582720660689722451,101
kapotnya_02_2020-02-26_kapotnya_2020-02-26-15-34-18_0,1582720662689769470,102
kapotnya_02_2020-02-26_kapotnya_2020-02-26-15-34-18_0,1582720664689762265,103
kapotnya_02_2020-02-26_kapotnya_2020-02-26-15-34-18_0,1582720666689760650,104
kapotnya_02_2020-02-26_kapotnya_2020-02-26-15-34-18_0,1582720668689768260,105
kapotnya_02_2020-02-26_kapotnya_2020-02-26-15-34-18_0,1582720670689733623,106
kapotnya_02_2020-02-26_kapotnya_2020-02-26-15-34-18_0,1582720672689712429,107
kapotnya_02_2020-02-26_kapotnya_2020-02-26-15-34-18_0,1582720674689765770,108
kapotnya_02_2020-02-26_kapotnya_2020-02-26-15-34-18_0,1582720676689729744,109
kapotnya_02_2020-02-26_kapotnya_2020-02-26-15-34-18_0,1582720678735078552,110
kapotnya_02_2020-02-26_kapotnya_2020-02-26-15-34-18_0,1582720680788981557,111
kapotnya_02_2020-02-26_kapotnya_2020-02-26-15-34-18_0,1582720682689756935,112
kapotnya_02_2020-02-26_kapotnya_2020-02-26-15-34-18_0,1582720684689766154,113
kapotnya_02_2020-02-26_kapotnya_2020-02-26-15-34-18_0,1582720686689760978,114
kapotnya_02_2020-02-26_kapotnya_2020-02-26-15-34-18_0,1582720688689733647,115
kapotnya_02_2020-02-26_kapotnya_2020-02-26-15-34-18_0,1582720690689731434,116
kapotnya_02_2020-02-26_kapotnya_2020-02-26-15-34-18_0,1582720692689735992,117
kapotnya_02_2020-02-26_kapotnya_2020-02-26-15-34-18_0,1582720694689730570,118
kapotnya_02_2020-02-26_kapotnya_2020-02-26-15-34-18_0,1582720696689768646,119
kapotnya_02_2020-02-26_kapotnya_2020-02-26-15-34-18_0,1582720698689739131,120
kapotnya_02_2020-02-26_kapotnya_2020-02-26-15-34-18_0,1582720700689730787,121
kapotnya_02_2020-02-26_kapotnya_2020-02-26-15-34-18_0,1582720702689730042,122
kapotnya_02_2020-02-26_kapotnya_2020-02-26-15-34-18_0,1582720704689764249,123
kapotnya_02_2020-02-26_kapotnya_2020-02-26-15-34-18_0,1582720706689770238,124
kapotnya_02_2020-02-26_kapotnya_2020-02-26-15-34-18_0,1582720708689732250,125
kapotnya_02_2020-02-26_kapotnya_2020-02-26-15-34-18_0,1582720710689732722,126
kapotnya_02_2020-02-26_kapotnya_2020-02-26-15-34-18_0,1582720712689733235,127
kapotnya_02_2020-02-26_kapotnya_2020-02-26-15-34-18_0,1582720714689764146,128
kapotnya_02_2020-02-26_kapotnya_2020-02-26-15-34-18_0,1582720716689730810,129
kapotnya_02_2020-02-26_kapotnya_2020-02-26-15-34-18_0,1582720718689763571,130
kapotnya_02_2020-02-26_kapotnya_2020-02-26-15-34-18_0,1582720720689762804,131
kapotnya_02_2020-02-26_kapotnya_2020-02-26-15-34-18_0,1582720722689732440,132
kapotnya_02_2020-02-26_kapotnya_2020-02-26-15-34-18_0,1582720724689764804,133
kapotnya_02_2020-02-26_kapotnya_2020-02-26-15-34-18_0,1582720726689733738,134
kapotnya_02_2020-02-26_kapotnya_2020-02-26-15-34-18_0,1582720728689767768,135
kapotnya_02_2020-02-26_kapotnya_2020-02-26-15-34-18_0,1582720730689756854,136
kapotnya_02_2020-02-26_kapotnya_2020-02-26-15-34-18_0,1582720732689762183,137
kapotnya_02_2020-02-26_kapotnya_2020-02-26-15-34-18_0,1582720734689736292,138
kapotnya_02_2020-02-26_kapotnya_2020-02-26-15-34-18_0,1582720736689729738,139
kapotnya_02_2020-02-26_kapotnya_2020-02-26-15-34-18_0,1582720738689729754,140
kapotnya_02_2020-02-26_kapotnya_2020-02-26-15-34-18_0,1582720740756204296,141
kapotnya_02_2020-02-26_kapotnya_2020-02-26-15-34-18_0,1582720742756216351,142
kapotnya_02_2020-02-26_kapotnya_2020-02-26-15-34-18_0,1582720744756217111,143
kapotnya_02_2020-02-26_kapotnya_2020-02-26-15-34-18_0,1582720746756214178,144
kapotnya_02_2020-02-26_kapotnya_2020-02-26-15-34-18_0,1582720748756185850,145
kapotnya_02_2020-02-26_kapotnya_2020-02-26-15-34-18_0,1582720750756220154,146
kapotnya_02_2020-02-26_kapotnya_2020-02-26-15-34-18_0,1582720752833089930,147
kapotnya_02_2020-02-26_kapotnya_2020-02-26-15-34-18_0,1582720754833089002,148
kapotnya_02_2020-02-26_kapotnya_2020-02-26-15-34-18_0,1582720756833095867,149
kapotnya_02_2020-02-26_kapotnya_2020-02-26-15-34-18_0,1582720758800253018,150
kapotnya_02_2020-02-26_kapotnya_2020-02-26-15-34-18_0,1582720760800250730,151
kapotnya_02_2020-02-26_kapotnya_2020-02-26-15-34-18_0,1582720762800221596,152
kapotnya_02_2020-02-26_kapotnya_2020-02-26-15-34-18_0,1582720764800223052,153
kapotnya_02_2020-02-26_kapotnya_2020-02-26-15-34-18_0,1582720766800223460,154
kapotnya_02_2020-02-26_kapotnya_2020-02-26-15-34-18_0,1582720768800221109,155
kapotnya_02_2020-02-26_kapotnya_2020-02-26-15-34-18_0,1582720770800222180,156
kapotnya_02_2020-02-26_kapotnya_2020-02-26-15-34-18_0,1582720772800231333,157
kapotnya_02_2020-02-26_kapotnya_2020-02-26-15-34-18_0,1582720774800224552,158
kapotnya_02_2020-02-26_kapotnya_2020-02-26-15-34-18_0,1582720776800260561,159
kapotnya_02_2020-02-26_kapotnya_2020-02-26-15-34-18_0,1582720778800253942,160
kapotnya_02_2020-02-26_kapotnya_2020-02-26-15-34-18_0,1582720780800249217,161
kapotnya_02_2020-02-26_kapotnya_2020-02-26-15-34-18_0,1582720782800222049,162
kapotnya_02_2020-02-26_kapotnya_2020-02-26-15-34-18_0,1582720784800227344,163
kapotnya_02_2020-02-26_kapotnya_2020-02-26-15-42-08_0,1582720929258085117,0
kapotnya_02_2020-02-26_kapotnya_2020-02-26-15-42-08_0,1582720931206148091,1
kapotnya_02_2020-02-26_kapotnya_2020-02-26-15-42-08_0,1582720933206170257,2
kapotnya_02_2020-02-26_kapotnya_2020-02-26-15-42-08_0,1582720935206124113,3
kapotnya_02_2020-02-26_kapotnya_2020-02-26-15-42-08_0,1582720937282129908,4
kapotnya_02_2020-02-26_kapotnya_2020-02-26-15-42-08_0,1582720939282130574,5
kapotnya_02_2020-02-26_kapotnya_2020-02-26-15-42-08_0,1582720941282130855,6
kapotnya_02_2020-02-26_kapotnya_2020-02-26-15-42-08_0,1582720943282129714,7
kapotnya_02_2020-02-26_kapotnya_2020-02-26-15-42-08_0,1582720945282135987,8
kapotnya_02_2020-02-26_kapotnya_2020-02-26-15-42-08_0,1582720947282179168,9
kapotnya_02_2020-02-26_kapotnya_2020-02-26-15-42-08_0,1582720949282170037,10
kapotnya_02_2020-02-26_kapotnya_2020-02-26-15-42-08_0,1582720951282131490,11
kapotnya_02_2020-02-26_kapotnya_2020-02-26-15-42-08_0,1582720953282171639,12
kapotnya_02_2020-02-26_kapotnya_2020-02-26-15-42-08_0,1582720955282132184,13
kapotnya_02_2020-02-26_kapotnya_2020-02-26-15-42-08_0,1582720957282130911,14
kapotnya_02_2020-02-26_kapotnya_2020-02-26-15-42-08_0,1582720959282136352,15
kapotnya_02_2020-02-26_kapotnya_2020-02-26-15-42-08_0,1582720961282133422,16
kapotnya_02_2020-02-26_kapotnya_2020-02-26-15-42-08_0,1582720963282131547,17
kapotnya_02_2020-02-26_kapotnya_2020-02-26-15-42-08_0,1582720965282167847,18
kapotnya_02_2020-02-26_kapotnya_2020-02-26-15-42-08_0,1582720967282132966,19
kapotnya_02_2020-02-26_kapotnya_2020-02-26-15-42-08_0,1582720969282129750,20
kapotnya_02_2020-02-26_kapotnya_2020-02-26-15-42-08_0,1582720971282166558,21
kapotnya_02_2020-02-26_kapotnya_2020-02-26-15-42-08_0,1582720973282132150,22
kapotnya_02_2020-02-26_kapotnya_2020-02-26-15-42-08_0,1582720975282159601,23
kapotnya_02_2020-02-26_kapotnya_2020-02-26-15-42-08_0,1582720977282166091,24
kapotnya_02_2020-02-26_kapotnya_2020-02-26-15-42-08_0,1582720979282139941,25
kapotnya_02_2020-02-26_kapotnya_2020-02-26-15-42-08_0,1582720981282149984,26
kapotnya_02_2020-02-26_kapotnya_2020-02-26-15-42-08_0,1582720983282132602,27
kapotnya_02_2020-02-26_kapotnya_2020-02-26-15-42-08_0,1582720985282130274,28
kapotnya_02_2020-02-26_kapotnya_2020-02-26-15-42-08_0,1582720987282160297,29
kapotnya_02_2020-02-26_kapotnya_2020-02-26-15-42-08_0,1582720989282137090,30
kapotnya_02_2020-02-26_kapotnya_2020-02-26-15-42-08_0,1582720991282129698,31
kapotnya_02_2020-02-26_kapotnya_2020-02-26-15-42-08_0,1582720993282132245,32
kapotnya_02_2020-02-26_kapotnya_2020-02-26-15-42-08_0,1582720995282131965,33
kapotnya_02_2020-02-26_kapotnya_2020-02-26-15-42-08_0,1582720997282169340,34
kapotnya_02_2020-02-26_kapotnya_2020-02-26-15-42-08_0,1582720999282162870,35
kapotnya_02_2020-02-26_kapotnya_2020-02-26-15-42-08_0,1582721001282168320,36
kapotnya_02_2020-02-26_kapotnya_2020-02-26-15-42-08_0,1582721003282160539,37
kapotnya_02_2020-02-26_kapotnya_2020-02-26-15-42-08_0,1582721005282154397,38
kapotnya_02_2020-02-26_kapotnya_2020-02-26-15-42-08_0,1582721007282130589,39
kapotnya_02_2020-02-26_kapotnya_2020-02-26-15-42-08_0,1582721009282135757,40
kapotnya_02_2020-02-26_kapotnya_2020-02-26-15-42-08_0,1582721011282164840,41
kapotnya_02_2020-02-26_kapotnya_2020-02-26-15-42-08_0,1582721013282162087,42
kapotnya_02_2020-02-26_kapotnya_2020-02-26-15-42-08_0,1582721015282167656,43
kapotnya_02_2020-02-26_kapotnya_2020-02-26-15-42-08_0,1582721017282133522,44
kapotnya_02_2020-02-26_kapotnya_2020-02-26-15-42-08_0,1582721019282156078,45
kapotnya_02_2020-02-26_kapotnya_2020-02-26-15-42-08_0,1582721021282162163,46
kapotnya_02_2020-02-26_kapotnya_2020-02-26-15-42-08_0,1582721023282163677,47
kapotnya_02_2020-02-26_kapotnya_2020-02-26-15-42-08_0,1582721025282115213,48
kapotnya_02_2020-02-26_kapotnya_2020-02-26-15-42-08_0,1582721027282163388,49
kapotnya_02_2020-02-26_kapotnya_2020-02-26-15-42-08_0,1582721029282179868,50
kapotnya_02_2020-02-26_kapotnya_2020-02-26-15-42-08_0,1582721031282141899,51
kapotnya_02_2020-02-26_kapotnya_2020-02-26-15-42-08_0,1582721033282142057,52
kapotnya_02_2020-02-26_kapotnya_2020-02-26-15-42-08_0,1582721035282132041,53
kapotnya_02_2020-02-26_kapotnya_2020-02-26-15-42-08_0,1582721037282136289,54
kapotnya_02_2020-02-26_kapotnya_2020-02-26-15-42-08_0,1582721039282118991,55
kapotnya_02_2020-02-26_kapotnya_2020-02-26-15-42-08_0,1582721041282135136,56
kapotnya_02_2020-02-26_kapotnya_2020-02-26-15-42-08_0,1582721043282170506,57
kapotnya_02_2020-02-26_kapotnya_2020-02-26-15-42-08_0,1582721045282133716,58
kapotnya_02_2020-02-26_kapotnya_2020-02-26-15-42-08_0,1582721047282127821,59
kapotnya_02_2020-02-26_kapotnya_2020-02-26-15-42-08_0,1582721049282135965,60
kapotnya_02_2020-02-26_kapotnya_2020-02-26-15-42-08_0,1582721051361627126,61
kapotnya_02_2020-02-26_kapotnya_2020-02-26-15-42-08_0,1582721053361683056,62
kapotnya_02_2020-02-26_kapotnya_2020-02-26-15-42-08_0,1582721055361687063,63
kapotnya_02_2020-02-26_kapotnya_2020-02-26-15-42-08_0,1582721057333545949,64
kapotnya_02_2020-02-26_kapotnya_2020-02-26-15-42-08_0,1582721059333572306,65
kapotnya_02_2020-02-26_kapotnya_2020-02-26-15-42-08_0,1582721061333562689,66
kapotnya_02_2020-02-26_kapotnya_2020-02-26-15-42-08_0,1582721063333572339,67
kapotnya_02_2020-02-26_kapotnya_2020-02-26-15-42-08_0,1582721065333576523,68
kapotnya_02_2020-02-26_kapotnya_2020-02-26-15-42-08_0,1582721067378511249,69
kapotnya_02_2020-02-26_kapotnya_2020-02-26-15-42-08_0,1582721069432243572,70
kapotnya_02_2020-02-26_kapotnya_2020-02-26-15-42-08_0,1582721071432243033,71
kapotnya_02_2020-02-26_kapotnya_2020-02-26-15-42-08_0,1582721073432222303,72
kapotnya_02_2020-02-26_kapotnya_2020-02-26-15-42-08_0,1582721075432241137,73
kapotnya_02_2020-02-26_kapotnya_2020-02-26-15-42-08_0,1582721077432283503,74
kapotnya_02_2020-02-26_kapotnya_2020-02-26-15-42-08_0,1582721079432274634,75
kapotnya_02_2020-02-26_kapotnya_2020-02-26-15-42-08_0,1582721081432272658,76
kapotnya_02_2020-02-26_kapotnya_2020-02-26-15-42-08_0,1582721083432242845,77
kapotnya_02_2020-02-26_kapotnya_2020-02-26-15-42-08_0,1582721085432244244,78
kapotnya_02_2020-02-26_kapotnya_2020-02-26-15-42-08_0,1582721087432241171,79
kapotnya_02_2020-02-26_kapotnya_2020-02-26-15-42-08_0,1582721089432241713,80
kapotnya_02_2020-02-26_kapotnya_2020-02-26-15-42-08_0,1582721091432256076,81
kapotnya_02_2020-02-26_kapotnya_2020-02-26-15-42-08_0,1582721093432240971,82
kapotnya_02_2020-02-26_kapotnya_2020-02-26-15-42-08_0,1582721095432272874,83
kapotnya_02_2020-02-26_kapotnya_2020-02-26-15-42-08_0,1582721097432279632,84
kapotnya_02_2020-02-26_kapotnya_2020-02-26-15-42-08_0,1582721099432271850,85
